记录ID,期间,主体,部门,科目,币种,单位,金额,金额口径,含税金额,不含税金额,供应商,项目,固定变动
E01,2026-01,虚构公司,S,TR,CNY,元,100,账面费用,,,虚构旅行,P1,变动
E02,2026-01,虚构公司,S,TR,CNY,元,-20,账面费用,,,虚构旅行,P1,变动
E03,2026-01,虚构公司,A,RE,CNY,元,200,账面费用,,,虚构物业,,固定
E04,2026-01,虚构公司,A,OF,CNY,元,0,账面费用,,,,,变动
E05,2026-02,虚构公司,S,TR,CNY,元,150,账面费用,,,虚构旅行,P1,变动
E06,2026-02,虚构公司,A,RE,CNY,元,200,账面费用,,,虚构物业,,固定
E07,2026-02,虚构公司,A,OF,CNY,元,50.123456,账面费用,,,,P2,变动
E08,2026-03,虚构公司,S,TR,CNY,元,300,账面费用,,,虚构旅行,P1,变动
E09,2026-03,虚构公司,A,RE,CNY,元,200,账面费用,,,虚构物业,,固定
E10,2026-02,虚构公司,A,OF,USD,元,10,账面费用,,,,,变动