主体,报表范围,期间开始日,期间结束日,币种,金额单位,报表,项目,时点,金额,依据
虚构星禾,个别,2026-01-01,2026-01-31,CNY,元,BS,资产总计·虚构来源01-01,期末,1000.03,
虚构星禾,个别,2026-01-01,2026-01-31,CNY,元,BS,流动资产合计·虚构来源01-02,期末,600,
虚构星禾,个别,2026-01-01,2026-01-31,CNY,元,BS,非流动资产合计·虚构来源01-03,期末,400,
虚构星禾,个别,2026-01-01,2026-01-31,CNY,元,BS,负债合计·虚构来源01-04,期末,400,
虚构星禾,个别,2026-01-01,2026-01-31,CNY,元,BS,流动负债合计·虚构来源01-05,期末,250,
虚构星禾,个别,2026-01-01,2026-01-31,CNY,元,BS,非流动负债合计·虚构来源01-06,期末,150,
虚构星禾,个别,2026-01-01,2026-01-31,CNY,元,BS,所有者权益合计·虚构来源01-07,期末,600,
虚构星禾,个别,2026-01-01,2026-01-31,CNY,元,BS,负债和所有者权益总计·虚构来源01-08,期末,1000,
虚构星禾,个别,2026-01-01,2026-01-31,CNY,元,BS,货币资金·虚构来源01-09,期末,140,
虚构星禾,个别,2026-01-01,2026-01-31,CNY,元,BS,货币资金·虚构来源01-10,期初,100,
虚构星禾,个别,2026-01-01,2026-01-31,CNY,元,BS,未分配利润·虚构来源01-11,期初,200,
虚构星禾,个别,2026-01-01,2026-01-31,CNY,元,BS,未分配利润·虚构来源01-12,期末,250,
虚构星禾,个别,2026-01-01,2026-01-31,CNY,元,PL,营业利润·虚构来源01-13,本期,100,
虚构星禾,个别,2026-01-01,2026-01-31,CNY,元,PL,营业外收入·虚构来源01-14,本期,20,
虚构星禾,个别,2026-01-01,2026-01-31,CNY,元,PL,营业外支出·虚构来源01-15,本期,10,
虚构星禾,个别,2026-01-01,2026-01-31,CNY,元,PL,利润总额·虚构来源01-16,本期,110,
虚构星禾,个别,2026-01-01,2026-01-31,CNY,元,PL,所得税费用·虚构来源01-17,本期,30,
虚构星禾,个别,2026-01-01,2026-01-31,CNY,元,PL,净利润·虚构来源01-18,本期,80,
虚构星禾,个别,2026-01-01,2026-01-31,CNY,元,PL,其他综合收益税后净额·虚构来源01-19,本期,5,
虚构星禾,个别,2026-01-01,2026-01-31,CNY,元,PL,综合收益总额·虚构来源01-20,本期,85,
虚构星禾,个别,2026-01-01,2026-01-31,CNY,元,CF,经营活动现金净额·虚构来源01-21,本期,70,
虚构星禾,个别,2026-01-01,2026-01-31,CNY,元,CF,投资活动现金净额·虚构来源01-22,本期,-40,
虚构星禾,个别,2026-01-01,2026-01-31,CNY,元,CF,筹资活动现金净额·虚构来源01-23,本期,10,
虚构星禾,个别,2026-01-01,2026-01-31,CNY,元,CF,汇率影响·虚构来源01-24,本期,0,
虚构星禾,个别,2026-01-01,2026-01-31,CNY,元,CF,现金净增加额·虚构来源01-25,本期,40,
虚构星禾,个别,2026-01-01,2026-01-31,CNY,元,CF,现金及等价物·虚构来源01-26,期初,100,
虚构星禾,个别,2026-01-01,2026-01-31,CNY,元,CF,现金及等价物·虚构来源01-27,期末,140,
虚构星禾,个别,2026-01-01,2026-01-31,CNY,元,CF,补充资料净利润·虚构来源01-28,本期,80,
虚构星禾,个别,2026-01-01,2026-01-31,CNY,元,BR,不属于现金的货币资金·虚构来源01-29,期初,10,虚构附注G1；现金/留存全部构成已确认（含零）
虚构星禾,个别,2026-01-01,2026-01-31,CNY,元,BR,不属于现金的货币资金·虚构来源01-30,期末,20,虚构附注G1；现金/留存全部构成已确认（含零）
虚构星禾,个别,2026-01-01,2026-01-31,CNY,元,BR,货币资金之外的现金等价物·虚构来源01-31,期初,10,虚构附注G1；现金/留存全部构成已确认（含零）
虚构星禾,个别,2026-01-01,2026-01-31,CNY,元,BR,货币资金之外的现金等价物·虚构来源01-32,期末,20,虚构附注G1；现金/留存全部构成已确认（含零）
虚构星禾,个别,2026-01-01,2026-01-31,CNY,元,BR,利润分配·虚构来源01-33,本期,20,虚构附注G1；现金/留存全部构成已确认（含零）
虚构星禾,个别,2026-01-01,2026-01-31,CNY,元,BR,盈余公积提取·虚构来源01-34,本期,10,虚构附注G1；现金/留存全部构成已确认（含零）
虚构星禾,个别,2026-01-01,2026-01-31,CNY,元,BR,其他留存调整·虚构来源01-35,本期,0,虚构附注G1；现金/留存全部构成已确认（含零）
虚构远岚,合并,2026-02-01,2026-02-28,CNY,千元,BS,资产总计·虚构来源02-01,期末,2000,
虚构远岚,合并,2026-02-01,2026-02-28,CNY,千元,BS,流动资产合计·虚构来源02-02,期末,1200,
虚构远岚,合并,2026-02-01,2026-02-28,CNY,千元,BS,非流动资产合计·虚构来源02-03,期末,800,
虚构远岚,合并,2026-02-01,2026-02-28,CNY,千元,BS,负债合计·虚构来源02-04,期末,800,
虚构远岚,合并,2026-02-01,2026-02-28,CNY,千元,BS,流动负债合计·虚构来源02-05,期末,500,
虚构远岚,合并,2026-02-01,2026-02-28,CNY,千元,BS,非流动负债合计·虚构来源02-06,期末,300,
虚构远岚,合并,2026-02-01,2026-02-28,CNY,千元,BS,所有者权益合计·虚构来源02-07,期末,1200,
虚构远岚,合并,2026-02-01,2026-02-28,CNY,千元,BS,负债和所有者权益总计·虚构来源02-08,期末,2000,
虚构远岚,合并,2026-02-01,2026-02-28,CNY,千元,BS,货币资金·虚构来源02-09,期末,280,
虚构远岚,合并,2026-02-01,2026-02-28,CNY,千元,BS,货币资金·虚构来源02-10,期初,200,
虚构远岚,合并,2026-02-01,2026-02-28,CNY,千元,BS,未分配利润·虚构来源02-11,期初,400,
虚构远岚,合并,2026-02-01,2026-02-28,CNY,千元,BS,未分配利润·虚构来源02-12,期末,500,
虚构远岚,合并,2026-02-01,2026-02-28,CNY,千元,PL,营业利润·虚构来源02-13,本期,200,
虚构远岚,合并,2026-02-01,2026-02-28,CNY,千元,PL,营业外收入·虚构来源02-14,本期,40,
虚构远岚,合并,2026-02-01,2026-02-28,CNY,千元,PL,营业外支出·虚构来源02-15,本期,20,
虚构远岚,合并,2026-02-01,2026-02-28,CNY,千元,PL,利润总额·虚构来源02-16,本期,220,
虚构远岚,合并,2026-02-01,2026-02-28,CNY,千元,PL,所得税费用·虚构来源02-17,本期,,
虚构远岚,合并,2026-02-01,2026-02-28,CNY,千元,PL,净利润·虚构来源02-18,本期,160,
虚构远岚,合并,2026-02-01,2026-02-28,CNY,千元,PL,其他综合收益税后净额·虚构来源02-19,本期,10,
虚构远岚,合并,2026-02-01,2026-02-28,CNY,千元,PL,综合收益总额·虚构来源02-20,本期,170,
虚构远岚,合并,2026-02-01,2026-02-28,CNY,千元,CF,经营活动现金净额·虚构来源02-21,本期,140,
虚构远岚,合并,2026-02-01,2026-02-28,CNY,千元,CF,投资活动现金净额·虚构来源02-22,本期,-80,
虚构远岚,合并,2026-02-01,2026-02-28,CNY,千元,CF,筹资活动现金净额·虚构来源02-23,本期,20,
虚构远岚,合并,2026-02-01,2026-02-28,CNY,千元,CF,汇率影响·虚构来源02-24,本期,0,
虚构远岚,合并,2026-02-01,2026-02-28,CNY,千元,CF,现金净增加额·虚构来源02-25,本期,80,
虚构远岚,合并,2026-02-01,2026-02-28,CNY,千元,CF,现金及等价物·虚构来源02-26,期初,200,
虚构远岚,合并,2026-02-01,2026-02-28,CNY,千元,CF,现金及等价物·虚构来源02-27,期末,280,
虚构远岚,合并,2026-02-01,2026-02-28,CNY,千元,CF,补充资料净利润·虚构来源02-28,本期,160,
虚构远岚,合并,2026-02-01,2026-02-28,CNY,千元,BR,不属于现金的货币资金·虚构来源02-29,期初,20,虚构附注G2；现金/留存全部构成已确认（含零）
虚构远岚,合并,2026-02-01,2026-02-28,CNY,千元,BR,不属于现金的货币资金·虚构来源02-30,期末,40,虚构附注G2；现金/留存全部构成已确认（含零）
虚构远岚,合并,2026-02-01,2026-02-28,CNY,千元,BR,货币资金之外的现金等价物·虚构来源02-31,期初,20,虚构附注G2；现金/留存全部构成已确认（含零）
虚构远岚,合并,2026-02-01,2026-02-28,CNY,千元,BR,货币资金之外的现金等价物·虚构来源02-32,期末,40,虚构附注G2；现金/留存全部构成已确认（含零）
虚构远岚,合并,2026-02-01,2026-02-28,CNY,千元,BR,利润分配·虚构来源02-33,本期,40,虚构附注G2；现金/留存全部构成已确认（含零）
虚构远岚,合并,2026-02-01,2026-02-28,CNY,千元,BR,盈余公积提取·虚构来源02-34,本期,20,虚构附注G2；现金/留存全部构成已确认（含零）
虚构远岚,合并,2026-02-01,2026-02-28,CNY,千元,BR,其他留存调整·虚构来源02-35,本期,0,虚构附注G2；现金/留存全部构成已确认（含零）
虚构海芒,个别,2026-03-01,2026-03-31,CNY,万元,BS,资产总计·虚构来源03-01,期末,3000,
虚构海芒,个别,2026-03-01,2026-03-31,CNY,万元,BS,流动资产合计·虚构来源03-02,期末,1800,
虚构海芒,个别,2026-03-01,2026-03-31,CNY,万元,BS,非流动资产合计·虚构来源03-03,期末,1200,
虚构海芒,个别,2026-03-01,2026-03-31,CNY,万元,BS,负债合计·虚构来源03-04,期末,1200,
虚构海芒,个别,2026-03-01,2026-03-31,CNY,万元,BS,流动负债合计·虚构来源03-05,期末,750,
虚构海芒,个别,2026-03-01,2026-03-31,CNY,万元,BS,非流动负债合计·虚构来源03-06,期末,450,
虚构海芒,个别,2026-03-01,2026-03-31,CNY,万元,BS,所有者权益合计·虚构来源03-07,期末,1800,
虚构海芒,个别,2026-03-01,2026-03-31,CNY,万元,BS,负债和所有者权益总计·虚构来源03-08,期末,3000,
虚构海芒,个别,2026-03-01,2026-03-31,CNY,万元,BS,货币资金·虚构来源03-09,期末,420,
虚构海芒,个别,2026-03-01,2026-03-31,CNY,万元,BS,货币资金·虚构来源03-10,期初,300,
虚构海芒,个别,2026-03-01,2026-03-31,CNY,万元,BS,未分配利润·虚构来源03-11,期初,600,
虚构海芒,个别,2026-03-01,2026-03-31,CNY,万元,BS,未分配利润·虚构来源03-12,期末,750,
虚构海芒,个别,2026-03-01,2026-03-31,CNY,万元,PL,营业利润·虚构来源03-13,本期,300,
虚构海芒,个别,2026-03-01,2026-03-31,CNY,万元,PL,营业外收入·虚构来源03-14,本期,60,
虚构海芒,个别,2026-03-01,2026-03-31,CNY,万元,PL,营业外支出·虚构来源03-15,本期,30,
虚构海芒,个别,2026-03-01,2026-03-31,CNY,万元,PL,利润总额·虚构来源03-16,本期,330,
虚构海芒,个别,2026-03-01,2026-03-31,CNY,万元,PL,所得税费用·虚构来源03-17,本期,90,
虚构海芒,个别,2026-03-01,2026-03-31,CNY,万元,PL,净利润·虚构来源03-18,本期,240,
虚构海芒,个别,2026-03-01,2026-03-31,CNY,万元,PL,其他综合收益税后净额·虚构来源03-19,本期,15,
虚构海芒,个别,2026-03-01,2026-03-31,CNY,万元,PL,综合收益总额·虚构来源03-20,本期,255,
虚构海芒,个别,2026-03-01,2026-03-31,CNY,万元,CF,经营活动现金净额·虚构来源03-21,本期,210,
虚构海芒,个别,2026-03-01,2026-03-31,CNY,万元,CF,投资活动现金净额·虚构来源03-22,本期,-120,
虚构海芒,个别,2026-03-01,2026-03-31,CNY,万元,CF,筹资活动现金净额·虚构来源03-23,本期,30,
虚构海芒,个别,2026-03-01,2026-03-31,CNY,万元,CF,汇率影响·虚构来源03-24,本期,,
虚构海芒,个别,2026-03-01,2026-03-31,CNY,万元,CF,现金净增加额·虚构来源03-25,本期,120,
虚构海芒,个别,2026-03-01,2026-03-31,CNY,万元,CF,现金及等价物·虚构来源03-26,期初,300,
虚构海芒,个别,2026-03-01,2026-03-31,CNY,万元,CF,现金及等价物·虚构来源03-27,期末,420,
虚构海芒,个别,2026-03-01,2026-03-31,CNY,万元,CF,补充资料净利润·虚构来源03-28,本期,240,
虚构海芒,个别,2026-03-01,2026-03-31,CNY,万元,BR,不属于现金的货币资金·虚构来源03-29,期初,30,虚构附注G3；现金/留存全部构成已确认（含零）
虚构海芒,个别,2026-03-01,2026-03-31,CNY,万元,BR,不属于现金的货币资金·虚构来源03-30,期末,60,虚构附注G3；现金/留存全部构成已确认（含零）
虚构海芒,个别,2026-03-01,2026-03-31,CNY,万元,BR,货币资金之外的现金等价物·虚构来源03-31,期初,30,虚构附注G3；现金/留存全部构成已确认（含零）
虚构海芒,个别,2026-03-01,2026-03-31,CNY,万元,BR,货币资金之外的现金等价物·虚构来源03-32,期末,60,虚构附注G3；现金/留存全部构成已确认（含零）
虚构海芒,个别,2026-03-01,2026-03-31,CNY,万元,BR,利润分配·虚构来源03-33,本期,60,虚构附注G3；现金/留存全部构成已确认（含零）
虚构海芒,个别,2026-03-01,2026-03-31,CNY,万元,BR,盈余公积提取·虚构来源03-34,本期,30,虚构附注G3；现金/留存全部构成已确认（含零）
虚构海芒,个别,2026-03-01,2026-03-31,CNY,万元,BR,其他留存调整·虚构来源03-35,本期,0,虚构附注G3；现金/留存全部构成已确认（含零）
虚构星禾,合并,2026-04-01,2026-04-30,CNY,元,BS,资产总计·虚构来源04-01,期末,4000,
虚构星禾,合并,2026-04-01,2026-04-30,CNY,元,BS,流动资产合计·虚构来源04-02,期末,2400,
虚构星禾,合并,2026-04-01,2026-04-30,CNY,元,BS,非流动资产合计·虚构来源04-03,期末,1600,
虚构星禾,合并,2026-04-01,2026-04-30,CNY,元,BS,负债合计·虚构来源04-04,期末,1600,
虚构星禾,合并,2026-04-01,2026-04-30,CNY,元,BS,流动负债合计·虚构来源04-05,期末,1000,
虚构星禾,合并,2026-04-01,2026-04-30,CNY,元,BS,非流动负债合计·虚构来源04-06,期末,600,
虚构星禾,合并,2026-04-01,2026-04-30,CNY,元,BS,所有者权益合计·虚构来源04-07,期末,2400,
虚构星禾,合并,2026-04-01,2026-04-30,CNY,元,BS,负债和所有者权益总计·虚构来源04-08,期末,4000,
虚构星禾,合并,2026-04-01,2026-04-30,CNY,元,BS,货币资金·虚构来源04-09,期末,560,
虚构星禾,合并,2026-04-01,2026-04-30,CNY,元,BS,货币资金·虚构来源04-10,期初,400,
虚构星禾,合并,2026-04-01,2026-04-30,CNY,元,BS,未分配利润·虚构来源04-11,期初,800,
虚构星禾,合并,2026-04-01,2026-04-30,CNY,元,BS,未分配利润·虚构来源04-12,期末,1000,
虚构星禾,合并,2026-04-01,2026-04-30,CNY,元,PL,营业利润·虚构来源04-13,本期,400,
虚构星禾,合并,2026-04-01,2026-04-30,CNY,元,PL,营业外收入·虚构来源04-14,本期,80,
虚构星禾,合并,2026-04-01,2026-04-30,CNY,元,PL,营业外支出·虚构来源04-15,本期,40,
虚构星禾,合并,2026-04-01,2026-04-30,CNY,元,PL,利润总额·虚构来源04-16,本期,-440,
虚构星禾,合并,2026-04-01,2026-04-30,CNY,元,PL,所得税费用·虚构来源04-17,本期,-120,
虚构星禾,合并,2026-04-01,2026-04-30,CNY,元,PL,净利润·虚构来源04-18,本期,-320,
虚构星禾,合并,2026-04-01,2026-04-30,CNY,元,PL,其他综合收益税后净额·虚构来源04-19,本期,20,
虚构星禾,合并,2026-04-01,2026-04-30,CNY,元,PL,综合收益总额·虚构来源04-20,本期,340,
虚构星禾,合并,2026-04-01,2026-04-30,CNY,元,CF,经营活动现金净额·虚构来源04-21,本期,280,
虚构星禾,合并,2026-04-01,2026-04-30,CNY,元,CF,投资活动现金净额·虚构来源04-22,本期,-160,
虚构星禾,合并,2026-04-01,2026-04-30,CNY,元,CF,筹资活动现金净额·虚构来源04-23,本期,40,
虚构星禾,合并,2026-04-01,2026-04-30,CNY,元,CF,汇率影响·虚构来源04-24,本期,0,
虚构星禾,合并,2026-04-01,2026-04-30,CNY,元,CF,现金净增加额·虚构来源04-25,本期,160,
虚构星禾,合并,2026-04-01,2026-04-30,CNY,元,CF,现金及等价物·虚构来源04-26,期初,400,
虚构星禾,合并,2026-04-01,2026-04-30,CNY,元,CF,现金及等价物·虚构来源04-27,期末,560,
虚构星禾,合并,2026-04-01,2026-04-30,CNY,元,CF,补充资料净利润·虚构来源04-28,本期,320,
虚构星禾,合并,2026-04-01,2026-04-30,CNY,元,BR,不属于现金的货币资金·虚构来源04-29,期初,40,虚构附注G4；现金/留存全部构成已确认（含零）
虚构星禾,合并,2026-04-01,2026-04-30,CNY,元,BR,不属于现金的货币资金·虚构来源04-30,期末,80,虚构附注G4；现金/留存全部构成已确认（含零）
虚构星禾,合并,2026-04-01,2026-04-30,CNY,元,BR,货币资金之外的现金等价物·虚构来源04-31,期初,40,虚构附注G4；现金/留存全部构成已确认（含零）
虚构星禾,合并,2026-04-01,2026-04-30,CNY,元,BR,货币资金之外的现金等价物·虚构来源04-32,期末,80,虚构附注G4；现金/留存全部构成已确认（含零）
虚构星禾,合并,2026-04-01,2026-04-30,CNY,元,BR,利润分配·虚构来源04-33,本期,80,虚构附注G4；现金/留存全部构成已确认（含零）
虚构星禾,合并,2026-04-01,2026-04-30,CNY,元,BR,盈余公积提取·虚构来源04-34,本期,40,虚构附注G4；现金/留存全部构成已确认（含零）
虚构星禾,合并,2026-04-01,2026-04-30,CNY,元,BR,其他留存调整·虚构来源04-35,本期,0,虚构附注G4；现金/留存全部构成已确认（含零）
虚构远岚,个别,2026-05-01,2026-05-31,CNY,千元,BS,资产总计·虚构来源05-01,期末,5000,
虚构远岚,个别,2026-05-01,2026-05-31,CNY,千元,BS,流动资产合计·虚构来源05-02,期末,3000,
虚构远岚,个别,2026-05-01,2026-05-31,CNY,千元,BS,非流动资产合计·虚构来源05-03,期末,2000,
虚构远岚,个别,2026-05-01,2026-05-31,CNY,千元,BS,负债合计·虚构来源05-04,期末,2000,
虚构远岚,个别,2026-05-01,2026-05-31,CNY,千元,BS,流动负债合计·虚构来源05-05,期末,1250,
虚构远岚,个别,2026-05-01,2026-05-31,CNY,千元,BS,非流动负债合计·虚构来源05-06,期末,750,
虚构远岚,个别,2026-05-01,2026-05-31,CNY,千元,BS,所有者权益合计·虚构来源05-07,期末,3000,
虚构远岚,个别,2026-05-01,2026-05-31,CNY,千元,BS,负债和所有者权益总计·虚构来源05-08,期末,5000,
虚构远岚,个别,2026-05-01,2026-05-31,CNY,千元,BS,货币资金·虚构来源05-09,期末,700,
虚构远岚,个别,2026-05-01,2026-05-31,CNY,千元,BS,货币资金·虚构来源05-10,期初,500,
虚构远岚,个别,2026-05-01,2026-05-31,CNY,千元,BS,未分配利润·虚构来源05-11,期初,1000,
虚构远岚,个别,2026-05-01,2026-05-31,CNY,千元,BS,未分配利润·虚构来源05-12,期末,1250,
虚构远岚,个别,2026-05-01,2026-05-31,CNY,千元,PL,营业利润·虚构来源05-13,本期,500,
虚构远岚,个别,2026-05-01,2026-05-31,CNY,千元,PL,营业外收入·虚构来源05-14,本期,100,
虚构远岚,个别,2026-05-01,2026-05-31,CNY,千元,PL,营业外支出·虚构来源05-15,本期,50,
虚构远岚,个别,2026-05-01,2026-05-31,CNY,千元,PL,利润总额·虚构来源05-16,本期,550,
虚构远岚,个别,2026-05-01,2026-05-31,CNY,千元,PL,所得税费用·虚构来源05-17,本期,150,
虚构远岚,个别,2026-05-01,2026-05-31,CNY,千元,PL,净利润·虚构来源05-18,本期,400,
虚构远岚,个别,2026-05-01,2026-05-31,CNY,千元,PL,其他综合收益税后净额·虚构来源05-19,本期,25,
虚构远岚,个别,2026-05-01,2026-05-31,CNY,千元,PL,综合收益总额·虚构来源05-20,本期,425,
虚构远岚,个别,2026-05-01,2026-05-31,CNY,千元,CF,经营活动现金净额·虚构来源05-21,本期,350,
虚构远岚,个别,2026-05-01,2026-05-31,CNY,千元,CF,投资活动现金净额·虚构来源05-22,本期,-200,
虚构远岚,个别,2026-05-01,2026-05-31,CNY,千元,CF,筹资活动现金净额·虚构来源05-23,本期,50,
虚构远岚,个别,2026-05-01,2026-05-31,CNY,千元,CF,汇率影响·虚构来源05-24,本期,0,
虚构远岚,个别,2026-05-01,2026-05-31,CNY,千元,CF,现金净增加额·虚构来源05-25,本期,200,
虚构远岚,个别,2026-05-01,2026-05-31,CNY,千元,CF,现金及等价物·虚构来源05-26,期初,500,
虚构远岚,个别,2026-05-01,2026-05-31,CNY,千元,CF,现金及等价物·虚构来源05-27,期末,700,
虚构远岚,个别,2026-05-01,2026-05-31,CNY,千元,CF,补充资料净利润·虚构来源05-28,本期,400,
虚构远岚,个别,2026-05-01,2026-05-31,CNY,千元,BR,不属于现金的货币资金·虚构来源05-29,期初,50,
虚构远岚,个别,2026-05-01,2026-05-31,CNY,千元,BR,不属于现金的货币资金·虚构来源05-30,期末,100,虚构附注G5；现金/留存全部构成已确认（含零）
虚构远岚,个别,2026-05-01,2026-05-31,CNY,千元,BR,货币资金之外的现金等价物·虚构来源05-31,期初,50,虚构附注G5；现金/留存全部构成已确认（含零）
虚构远岚,个别,2026-05-01,2026-05-31,CNY,千元,BR,货币资金之外的现金等价物·虚构来源05-32,期末,100,虚构附注G5；现金/留存全部构成已确认（含零）
虚构远岚,个别,2026-05-01,2026-05-31,CNY,千元,BR,利润分配·虚构来源05-33,本期,100,虚构附注G5；现金/留存全部构成已确认（含零）
虚构远岚,个别,2026-05-01,2026-05-31,CNY,千元,BR,盈余公积提取·虚构来源05-34,本期,50,虚构附注G5；现金/留存全部构成已确认（含零）
虚构远岚,个别,2026-05-01,2026-05-31,CNY,千元,BR,其他留存调整·虚构来源05-35,本期,0,虚构附注G5；现金/留存全部构成已确认（含零）
虚构海芒,合并,2026-06-01,2026-06-30,CNY,万元,BS,资产总计·虚构来源06-01,期末,6000,
虚构海芒,合并,2026-06-01,2026-06-30,CNY,万元,BS,流动资产合计·虚构来源06-02,期末,3600,
虚构海芒,合并,2026-06-01,2026-06-30,CNY,万元,BS,非流动资产合计·虚构来源06-03,期末,2400,
虚构海芒,合并,2026-06-01,2026-06-30,CNY,万元,BS,负债合计·虚构来源06-04,期末,2400,
虚构海芒,合并,2026-06-01,2026-06-30,CNY,万元,BS,流动负债合计·虚构来源06-05,期末,1500,
虚构海芒,合并,2026-06-01,2026-06-30,CNY,万元,BS,非流动负债合计·虚构来源06-06,期末,900,
虚构海芒,合并,2026-06-01,2026-06-30,CNY,万元,BS,所有者权益合计·虚构来源06-07,期末,3600,
虚构海芒,合并,2026-06-01,2026-06-30,CNY,万元,BS,负债和所有者权益总计·虚构来源06-08,期末,6000,
虚构海芒,合并,2026-06-01,2026-06-30,CNY,万元,BS,货币资金·虚构来源06-09,期末,840,
虚构海芒,合并,2026-06-01,2026-06-30,CNY,万元,BS,货币资金·虚构来源06-10,期初,600,
虚构海芒,合并,2026-06-01,2026-06-30,CNY,万元,BS,未分配利润·虚构来源06-11,期初,1200,
虚构海芒,合并,2026-06-01,2026-06-30,CNY,万元,BS,未分配利润·虚构来源06-12,期末,1500,
虚构海芒,合并,2026-06-01,2026-06-30,CNY,万元,PL,营业利润·虚构来源06-13,本期,600,
虚构海芒,合并,2026-06-01,2026-06-30,CNY,万元,PL,营业外收入·虚构来源06-14,本期,120,
虚构海芒,合并,2026-06-01,2026-06-30,CNY,万元,PL,营业外支出·虚构来源06-15,本期,60,
虚构海芒,合并,2026-06-01,2026-06-30,CNY,万元,PL,利润总额·虚构来源06-16,本期,660,
虚构海芒,合并,2026-06-01,2026-06-30,CNY,万元,PL,所得税费用·虚构来源06-17,本期,180,
虚构海芒,合并,2026-06-01,2026-06-30,CNY,万元,PL,净利润·虚构来源06-18,本期,480,
虚构海芒,合并,2026-06-01,2026-06-30,CNY,万元,PL,其他综合收益税后净额·虚构来源06-19,本期,30,
虚构海芒,合并,2026-06-01,2026-06-30,CNY,万元,PL,综合收益总额·虚构来源06-20,本期,510,
虚构海芒,合并,2026-06-01,2026-06-30,CNY,万元,CF,经营活动现金净额·虚构来源06-21,本期,420,
虚构海芒,合并,2026-06-01,2026-06-30,CNY,万元,CF,投资活动现金净额·虚构来源06-22,本期,-240,
虚构海芒,合并,2026-06-01,2026-06-30,CNY,万元,CF,筹资活动现金净额·虚构来源06-23,本期,60,
虚构海芒,合并,2026-06-01,2026-06-30,CNY,万元,CF,汇率影响·虚构来源06-24,本期,0,
虚构海芒,合并,2026-06-01,2026-06-30,CNY,万元,CF,现金净增加额·虚构来源06-25,本期,240,
虚构海芒,合并,2026-06-01,2026-06-30,CNY,万元,CF,现金及等价物·虚构来源06-26,期初,600,
虚构海芒,合并,2026-06-01,2026-06-30,CNY,万元,CF,现金及等价物·虚构来源06-27,期末,840,
虚构海芒,合并,2026-06-01,2026-06-30,CNY,万元,CF,补充资料净利润·虚构来源06-28,本期,480,
虚构海芒,合并,2026-06-01,2026-06-30,CNY,万元,BR,不属于现金的货币资金·虚构来源06-29,期初,60,虚构附注G6；现金/留存全部构成已确认（含零）
虚构海芒,合并,2026-06-01,2026-06-30,CNY,万元,BR,不属于现金的货币资金·虚构来源06-30,期末,120,虚构附注G6；现金/留存全部构成已确认（含零）
虚构海芒,合并,2026-06-01,2026-06-30,CNY,万元,BR,货币资金之外的现金等价物·虚构来源06-31,期初,60,虚构附注G6；现金/留存全部构成已确认（含零）
虚构海芒,合并,2026-06-01,2026-06-30,CNY,万元,BR,货币资金之外的现金等价物·虚构来源06-32,期末,120,虚构附注G6；现金/留存全部构成已确认（含零）
虚构海芒,合并,2026-06-01,2026-06-30,CNY,万元,BR,利润分配·虚构来源06-33,本期,120,虚构附注G6；现金/留存全部构成已确认（含零）
虚构海芒,合并,2026-06-01,2026-06-30,CNY,万元,BR,盈余公积提取·虚构来源06-34,本期,60,虚构附注G6；现金/留存全部构成已确认（含零）
虚构海芒,合并,2026-06-01,2026-06-30,CNY,万元,BR,其他留存调整·虚构来源06-35,本期,0,虚构附注G6；现金/留存全部构成已确认（含零）
虚构星禾,个别,2026-07-01,2026-07-31,CNY,元,BS,资产总计·虚构来源07-01,期末,7000,
虚构星禾,个别,2026-07-01,2026-07-31,CNY,元,BS,流动资产合计·虚构来源07-02,期末,4200,
虚构星禾,个别,2026-07-01,2026-07-31,CNY,元,BS,非流动资产合计·虚构来源07-03,期末,2800,
虚构星禾,个别,2026-07-01,2026-07-31,CNY,元,BS,负债合计·虚构来源07-04,期末,2800,
虚构星禾,个别,2026-07-01,2026-07-31,CNY,元,BS,流动负债合计·虚构来源07-05,期末,1750,
虚构星禾,个别,2026-07-01,2026-07-31,CNY,元,BS,非流动负债合计·虚构来源07-06,期末,1050,
虚构星禾,个别,2026-07-01,2026-07-31,CNY,元,BS,所有者权益合计·虚构来源07-07,期末,4200,
虚构星禾,个别,2026-07-01,2026-07-31,CNY,元,BS,负债和所有者权益总计·虚构来源07-08,期末,7000,
虚构星禾,个别,2026-07-01,2026-07-31,CNY,元,BS,货币资金·虚构来源07-09,期末,980,
虚构星禾,个别,2026-07-01,2026-07-31,CNY,元,BS,货币资金·虚构来源07-10,期初,700,
虚构星禾,个别,2026-07-01,2026-07-31,CNY,元,BS,未分配利润·虚构来源07-11,期初,1400,
虚构星禾,个别,2026-07-01,2026-07-31,CNY,元,BS,未分配利润·虚构来源07-12,期末,1750,
虚构星禾,个别,2026-07-01,2026-07-31,CNY,元,PL,营业利润·虚构来源07-13,本期,700,
虚构星禾,个别,2026-07-01,2026-07-31,CNY,元,PL,营业外收入·虚构来源07-14,本期,140,
虚构星禾,个别,2026-07-01,2026-07-31,CNY,元,PL,营业外支出·虚构来源07-15,本期,70,
虚构星禾,个别,2026-07-01,2026-07-31,CNY,元,PL,利润总额·虚构来源07-16,本期,770,
虚构星禾,个别,2026-07-01,2026-07-31,CNY,元,PL,所得税费用·虚构来源07-17,本期,210,
虚构星禾,个别,2026-07-01,2026-07-31,CNY,元,PL,净利润·虚构来源07-18,本期,560,
虚构星禾,个别,2026-07-01,2026-07-31,CNY,元,PL,其他综合收益税后净额·虚构来源07-19,本期,35,
虚构星禾,个别,2026-07-01,2026-07-31,CNY,元,PL,综合收益总额·虚构来源07-20,本期,595,
虚构星禾,个别,2026-07-01,2026-07-31,CNY,元,CF,经营活动现金净额·虚构来源07-21,本期,490,
虚构星禾,个别,2026-07-01,2026-07-31,CNY,元,CF,投资活动现金净额·虚构来源07-22,本期,-280,
虚构星禾,个别,2026-07-01,2026-07-31,CNY,元,CF,筹资活动现金净额·虚构来源07-23,本期,70,
虚构星禾,个别,2026-07-01,2026-07-31,CNY,元,CF,汇率影响·虚构来源07-24,本期,0,
虚构星禾,个别,2026-07-01,2026-07-31,CNY,元,CF,现金净增加额·虚构来源07-25,本期,280,
虚构星禾,个别,2026-07-01,2026-07-31,CNY,元,CF,现金及等价物·虚构来源07-26,期初,700,
虚构星禾,个别,2026-07-01,2026-07-31,CNY,元,CF,现金及等价物·虚构来源07-27,期末,980,
虚构星禾,个别,2026-07-01,2026-07-31,CNY,元,CF,补充资料净利润·虚构来源07-28,本期,560,
虚构星禾,个别,2026-07-01,2026-07-31,CNY,元,BR,不属于现金的货币资金·虚构来源07-29,期初,70,虚构附注G7；现金/留存全部构成已确认（含零）
虚构星禾,个别,2026-07-01,2026-07-31,CNY,元,BR,不属于现金的货币资金·虚构来源07-30,期末,140,虚构附注G7；现金/留存全部构成已确认（含零）
虚构星禾,个别,2026-07-01,2026-07-31,CNY,元,BR,货币资金之外的现金等价物·虚构来源07-31,期初,70,虚构附注G7；现金/留存全部构成已确认（含零）
虚构星禾,个别,2026-07-01,2026-07-31,CNY,元,BR,货币资金之外的现金等价物·虚构来源07-32,期末,140,虚构附注G7；现金/留存全部构成已确认（含零）
虚构星禾,个别,2026-07-01,2026-07-31,CNY,元,BR,利润分配·虚构来源07-33,本期,140,虚构附注G7；现金/留存全部构成已确认（含零）
虚构星禾,个别,2026-07-01,2026-07-31,CNY,元,BR,盈余公积提取·虚构来源07-34,本期,70,虚构附注G7；现金/留存全部构成已确认（含零）
虚构星禾,个别,2026-07-01,2026-07-31,CNY,元,BR,其他留存调整·虚构来源07-35,本期,0,虚构附注G7；现金/留存全部构成已确认（含零）
虚构远岚,合并,2026-08-01,2026-08-31,CNY,千元,BS,资产总计·虚构来源08-01,期末,8000,
虚构远岚,合并,2026-08-01,2026-08-31,CNY,千元,BS,流动资产合计·虚构来源08-02,期末,4800,
虚构远岚,合并,2026-08-01,2026-08-31,CNY,千元,BS,非流动资产合计·虚构来源08-03,期末,3200,
虚构远岚,合并,2026-08-01,2026-08-31,CNY,千元,BS,负债合计·虚构来源08-04,期末,3200,
虚构远岚,合并,2026-08-01,2026-08-31,CNY,千元,BS,流动负债合计·虚构来源08-05,期末,2000,
虚构远岚,合并,2026-08-01,2026-08-31,CNY,千元,BS,非流动负债合计·虚构来源08-06,期末,1200,
虚构远岚,合并,2026-08-01,2026-08-31,CNY,千元,BS,所有者权益合计·虚构来源08-07,期末,4800,
虚构远岚,合并,2026-08-01,2026-08-31,CNY,千元,BS,负债和所有者权益总计·虚构来源08-08,期末,8000,
虚构远岚,合并,2026-08-01,2026-08-31,CNY,千元,BS,货币资金·虚构来源08-09,期末,1120,
虚构远岚,合并,2026-08-01,2026-08-31,CNY,千元,BS,货币资金·虚构来源08-10,期初,800,
虚构远岚,合并,2026-08-01,2026-08-31,CNY,千元,BS,未分配利润·虚构来源08-11,期初,1600,
虚构远岚,合并,2026-08-01,2026-08-31,CNY,千元,BS,未分配利润·虚构来源08-12,期末,2000,
虚构远岚,合并,2026-08-01,2026-08-31,CNY,千元,PL,营业利润·虚构来源08-13,本期,800,
虚构远岚,合并,2026-08-01,2026-08-31,CNY,千元,PL,营业外收入·虚构来源08-14,本期,160,
虚构远岚,合并,2026-08-01,2026-08-31,CNY,千元,PL,营业外支出·虚构来源08-15,本期,80,
虚构远岚,合并,2026-08-01,2026-08-31,CNY,千元,PL,利润总额·虚构来源08-16,本期,880,
虚构远岚,合并,2026-08-01,2026-08-31,CNY,千元,PL,所得税费用·虚构来源08-17,本期,240,
虚构远岚,合并,2026-08-01,2026-08-31,CNY,千元,PL,净利润·虚构来源08-18,本期,640,
虚构远岚,合并,2026-08-01,2026-08-31,CNY,千元,PL,其他综合收益税后净额·虚构来源08-19,本期,40,
虚构远岚,合并,2026-08-01,2026-08-31,CNY,千元,PL,综合收益总额·虚构来源08-20,本期,680,
虚构远岚,合并,2026-08-01,2026-08-31,CNY,千元,CF,经营活动现金净额·虚构来源08-21,本期,560,
虚构远岚,合并,2026-08-01,2026-08-31,CNY,千元,CF,投资活动现金净额·虚构来源08-22,本期,-320,
虚构远岚,合并,2026-08-01,2026-08-31,CNY,千元,CF,筹资活动现金净额·虚构来源08-23,本期,80,
虚构远岚,合并,2026-08-01,2026-08-31,CNY,千元,CF,汇率影响·虚构来源08-24,本期,0,
虚构远岚,合并,2026-08-01,2026-08-31,CNY,千元,CF,现金净增加额·虚构来源08-25,本期,320,
虚构远岚,合并,2026-08-01,2026-08-31,CNY,千元,CF,现金及等价物·虚构来源08-26,期初,800,
虚构远岚,合并,2026-08-01,2026-08-31,CNY,千元,CF,现金及等价物·虚构来源08-27,期末,1120,
虚构远岚,合并,2026-08-01,2026-08-31,CNY,千元,CF,补充资料净利润·虚构来源08-28,本期,640,
虚构远岚,合并,2026-08-01,2026-08-31,CNY,千元,BR,不属于现金的货币资金·虚构来源08-29,期初,80,虚构附注G8；现金/留存全部构成已确认（含零）
虚构远岚,合并,2026-08-01,2026-08-31,CNY,千元,BR,不属于现金的货币资金·虚构来源08-30,期末,160,虚构附注G8；现金/留存全部构成已确认（含零）
虚构远岚,合并,2026-08-01,2026-08-31,CNY,千元,BR,货币资金之外的现金等价物·虚构来源08-31,期初,80,虚构附注G8；现金/留存全部构成已确认（含零）
虚构远岚,合并,2026-08-01,2026-08-31,CNY,千元,BR,货币资金之外的现金等价物·虚构来源08-32,期末,160,虚构附注G8；现金/留存全部构成已确认（含零）
虚构远岚,合并,2026-08-01,2026-08-31,CNY,千元,BR,利润分配·虚构来源08-33,本期,160,虚构附注G8；现金/留存全部构成已确认（含零）
虚构远岚,合并,2026-08-01,2026-08-31,CNY,千元,BR,盈余公积提取·虚构来源08-34,本期,80,虚构附注G8；现金/留存全部构成已确认（含零）
虚构远岚,合并,2026-08-01,2026-08-31,CNY,千元,BR,其他留存调整·虚构来源08-35,本期,0,虚构附注G8；现金/留存全部构成已确认（含零）
虚构海芒,个别,2026-09-01,2026-09-30,CNY,万元,BS,资产总计·虚构来源09-01,期末,9000,
虚构海芒,个别,2026-09-01,2026-09-30,CNY,万元,BS,流动资产合计·虚构来源09-02,期末,5400,
虚构海芒,个别,2026-09-01,2026-09-30,CNY,万元,BS,非流动资产合计·虚构来源09-03,期末,3600,
虚构海芒,个别,2026-09-01,2026-09-30,CNY,万元,BS,负债合计·虚构来源09-04,期末,3600,
虚构海芒,个别,2026-09-01,2026-09-30,CNY,万元,BS,流动负债合计·虚构来源09-05,期末,2250,
虚构海芒,个别,2026-09-01,2026-09-30,CNY,万元,BS,非流动负债合计·虚构来源09-06,期末,1350,
虚构海芒,个别,2026-09-01,2026-09-30,CNY,万元,BS,所有者权益合计·虚构来源09-07,期末,5400,
虚构海芒,个别,2026-09-01,2026-09-30,CNY,万元,BS,负债和所有者权益总计·虚构来源09-08,期末,9000,
虚构海芒,个别,2026-09-01,2026-09-30,CNY,万元,BS,货币资金·虚构来源09-09,期末,1260,
虚构海芒,个别,2026-09-01,2026-09-30,CNY,万元,BS,货币资金·虚构来源09-10,期初,900,
虚构海芒,个别,2026-09-01,2026-09-30,CNY,万元,BS,未分配利润·虚构来源09-11,期初,1800,
虚构海芒,个别,2026-09-01,2026-09-30,CNY,万元,BS,未分配利润·虚构来源09-12,期末,2250,
虚构海芒,个别,2026-09-01,2026-09-30,CNY,万元,PL,营业利润·虚构来源09-13,本期,900,
虚构海芒,个别,2026-09-01,2026-09-30,CNY,万元,PL,营业外收入·虚构来源09-14,本期,180,
虚构海芒,个别,2026-09-01,2026-09-30,CNY,万元,PL,营业外支出·虚构来源09-15,本期,90,
虚构海芒,个别,2026-09-01,2026-09-30,CNY,万元,PL,利润总额·虚构来源09-16,本期,990,
虚构海芒,个别,2026-09-01,2026-09-30,CNY,万元,PL,所得税费用·虚构来源09-17,本期,270,
虚构海芒,个别,2026-09-01,2026-09-30,CNY,万元,PL,净利润·虚构来源09-18,本期,720,
虚构海芒,个别,2026-09-01,2026-09-30,CNY,万元,PL,其他综合收益税后净额·虚构来源09-19,本期,45,
虚构海芒,个别,2026-09-01,2026-09-30,CNY,万元,PL,综合收益总额·虚构来源09-20,本期,765,
虚构海芒,个别,2026-09-01,2026-09-30,CNY,万元,CF,经营活动现金净额·虚构来源09-21,本期,630,
虚构海芒,个别,2026-09-01,2026-09-30,CNY,万元,CF,投资活动现金净额·虚构来源09-22,本期,-360,
虚构海芒,个别,2026-09-01,2026-09-30,CNY,万元,CF,筹资活动现金净额·虚构来源09-23,本期,90,
虚构海芒,个别,2026-09-01,2026-09-30,CNY,万元,CF,汇率影响·虚构来源09-24,本期,0,
虚构海芒,个别,2026-09-01,2026-09-30,CNY,万元,CF,现金净增加额·虚构来源09-25,本期,360,
虚构海芒,个别,2026-09-01,2026-09-30,CNY,万元,CF,现金及等价物·虚构来源09-26,期初,900,
虚构海芒,个别,2026-09-01,2026-09-30,CNY,万元,CF,现金及等价物·虚构来源09-27,期末,1260,
虚构海芒,个别,2026-09-01,2026-09-30,CNY,万元,CF,补充资料净利润·虚构来源09-28,本期,720,
虚构海芒,个别,2026-09-01,2026-09-30,CNY,万元,BR,不属于现金的货币资金·虚构来源09-29,期初,90,虚构附注G9；现金/留存全部构成已确认（含零）
虚构海芒,个别,2026-09-01,2026-09-30,CNY,万元,BR,不属于现金的货币资金·虚构来源09-30,期末,180,虚构附注G9；现金/留存全部构成已确认（含零）
虚构海芒,个别,2026-09-01,2026-09-30,CNY,万元,BR,货币资金之外的现金等价物·虚构来源09-31,期初,90,虚构附注G9；现金/留存全部构成已确认（含零）
虚构海芒,个别,2026-09-01,2026-09-30,CNY,万元,BR,货币资金之外的现金等价物·虚构来源09-32,期末,180,虚构附注G9；现金/留存全部构成已确认（含零）
虚构海芒,个别,2026-09-01,2026-09-30,CNY,万元,BR,利润分配·虚构来源09-33,本期,180,虚构附注G9；现金/留存全部构成已确认（含零）
虚构海芒,个别,2026-09-01,2026-09-30,CNY,万元,BR,盈余公积提取·虚构来源09-34,本期,90,虚构附注G9；现金/留存全部构成已确认（含零）
虚构海芒,个别,2026-09-01,2026-09-30,CNY,万元,BR,其他留存调整·虚构来源09-35,本期,0,虚构附注G9；现金/留存全部构成已确认（含零）
虚构星禾,合并,2026-10-01,2026-10-31,CNY,元,BS,资产总计·虚构来源10-01,期末,10000,
虚构星禾,合并,2026-10-01,2026-10-31,CNY,元,BS,流动资产合计·虚构来源10-02,期末,6000,
虚构星禾,合并,2026-10-01,2026-10-31,CNY,元,BS,非流动资产合计·虚构来源10-03,期末,4000,
虚构星禾,合并,2026-10-01,2026-10-31,CNY,元,BS,负债合计·虚构来源10-04,期末,4000,
虚构星禾,合并,2026-10-01,2026-10-31,CNY,元,BS,流动负债合计·虚构来源10-05,期末,2500,
虚构星禾,合并,2026-10-01,2026-10-31,CNY,元,BS,非流动负债合计·虚构来源10-06,期末,1500,
虚构星禾,合并,2026-10-01,2026-10-31,CNY,元,BS,所有者权益合计·虚构来源10-07,期末,6000,
虚构星禾,合并,2026-10-01,2026-10-31,CNY,元,BS,负债和所有者权益总计·虚构来源10-08,期末,10000,
虚构星禾,合并,2026-10-01,2026-10-31,CNY,元,BS,货币资金·虚构来源10-09,期末,1400,
虚构星禾,合并,2026-10-01,2026-10-31,CNY,元,BS,货币资金·虚构来源10-10,期初,1000,
虚构星禾,合并,2026-10-01,2026-10-31,CNY,元,BS,未分配利润·虚构来源10-11,期初,2000,
虚构星禾,合并,2026-10-01,2026-10-31,CNY,元,BS,未分配利润·虚构来源10-12,期末,2500,
虚构星禾,合并,2026-10-01,2026-10-31,CNY,元,PL,营业利润·虚构来源10-13,本期,1000,
虚构星禾,合并,2026-10-01,2026-10-31,CNY,元,PL,营业外收入·虚构来源10-14,本期,200,
虚构星禾,合并,2026-10-01,2026-10-31,CNY,元,PL,营业外支出·虚构来源10-15,本期,100,
虚构星禾,合并,2026-10-01,2026-10-31,CNY,元,PL,利润总额·虚构来源10-16,本期,1100,
虚构星禾,合并,2026-10-01,2026-10-31,CNY,元,PL,所得税费用·虚构来源10-17,本期,300,
虚构星禾,合并,2026-10-01,2026-10-31,CNY,元,PL,净利润·虚构来源10-18,本期,800,
虚构星禾,合并,2026-10-01,2026-10-31,CNY,元,PL,其他综合收益税后净额·虚构来源10-19,本期,50,
虚构星禾,合并,2026-10-01,2026-10-31,CNY,元,PL,综合收益总额·虚构来源10-20,本期,850,
虚构星禾,合并,2026-10-01,2026-10-31,CNY,元,CF,经营活动现金净额·虚构来源10-21,本期,700,
虚构星禾,合并,2026-10-01,2026-10-31,CNY,元,CF,投资活动现金净额·虚构来源10-22,本期,-400,
虚构星禾,合并,2026-10-01,2026-10-31,CNY,元,CF,筹资活动现金净额·虚构来源10-23,本期,100,
虚构星禾,合并,2026-10-01,2026-10-31,CNY,元,CF,汇率影响·虚构来源10-24,本期,0,
虚构星禾,合并,2026-10-01,2026-10-31,CNY,元,CF,现金净增加额·虚构来源10-25,本期,400,
虚构星禾,合并,2026-10-01,2026-10-31,CNY,元,CF,现金及等价物·虚构来源10-26,期初,1000,
虚构星禾,合并,2026-10-01,2026-10-31,CNY,元,CF,现金及等价物·虚构来源10-27,期末,1400,
虚构星禾,合并,2026-10-01,2026-10-31,CNY,元,CF,补充资料净利润·虚构来源10-28,本期,800,
虚构星禾,合并,2026-10-01,2026-10-31,CNY,元,BR,不属于现金的货币资金·虚构来源10-29,期初,100,虚构附注G10；现金/留存全部构成已确认（含零）
虚构星禾,合并,2026-10-01,2026-10-31,CNY,元,BR,不属于现金的货币资金·虚构来源10-30,期末,200,虚构附注G10；现金/留存全部构成已确认（含零）
虚构星禾,合并,2026-10-01,2026-10-31,CNY,元,BR,货币资金之外的现金等价物·虚构来源10-31,期初,100,虚构附注G10；现金/留存全部构成已确认（含零）
虚构星禾,合并,2026-10-01,2026-10-31,CNY,元,BR,货币资金之外的现金等价物·虚构来源10-32,期末,200,虚构附注G10；现金/留存全部构成已确认（含零）
虚构星禾,合并,2026-10-01,2026-10-31,CNY,元,BR,利润分配·虚构来源10-33,本期,200,虚构附注G10；现金/留存全部构成已确认（含零）
虚构星禾,合并,2026-10-01,2026-10-31,CNY,元,BR,盈余公积提取·虚构来源10-34,本期,100,虚构附注G10；现金/留存全部构成已确认（含零）
虚构星禾,合并,2026-10-01,2026-10-31,CNY,元,BR,其他留存调整·虚构来源10-35,本期,0,虚构附注G10；现金/留存全部构成已确认（含零）
虚构远岚,个别,2026-11-01,2026-11-30,CNY,千元,BS,资产总计·虚构来源11-01,期末,11000,
虚构远岚,个别,2026-11-01,2026-11-30,CNY,千元,BS,流动资产合计·虚构来源11-02,期末,6600,
虚构远岚,个别,2026-11-01,2026-11-30,CNY,千元,BS,非流动资产合计·虚构来源11-03,期末,4400,
虚构远岚,个别,2026-11-01,2026-11-30,CNY,千元,BS,负债合计·虚构来源11-04,期末,4400,
虚构远岚,个别,2026-11-01,2026-11-30,CNY,千元,BS,流动负债合计·虚构来源11-05,期末,2750,
虚构远岚,个别,2026-11-01,2026-11-30,CNY,千元,BS,非流动负债合计·虚构来源11-06,期末,1650,
虚构远岚,个别,2026-11-01,2026-11-30,CNY,千元,BS,所有者权益合计·虚构来源11-07,期末,6600,
虚构远岚,个别,2026-11-01,2026-11-30,CNY,千元,BS,负债和所有者权益总计·虚构来源11-08,期末,11000,
虚构远岚,个别,2026-11-01,2026-11-30,CNY,千元,BS,货币资金·虚构来源11-09,期末,1540,
虚构远岚,个别,2026-11-01,2026-11-30,CNY,千元,BS,货币资金·虚构来源11-10,期初,1100,
虚构远岚,个别,2026-11-01,2026-11-30,CNY,千元,BS,未分配利润·虚构来源11-11,期初,2200,
虚构远岚,个别,2026-11-01,2026-11-30,CNY,千元,BS,未分配利润·虚构来源11-12,期末,2750,
虚构远岚,个别,2026-11-01,2026-11-30,CNY,千元,PL,营业利润·虚构来源11-13,本期,1100,
虚构远岚,个别,2026-11-01,2026-11-30,CNY,千元,PL,营业外收入·虚构来源11-14,本期,220,
虚构远岚,个别,2026-11-01,2026-11-30,CNY,千元,PL,营业外支出·虚构来源11-15,本期,110,
虚构远岚,个别,2026-11-01,2026-11-30,CNY,千元,PL,利润总额·虚构来源11-16,本期,1210,
虚构远岚,个别,2026-11-01,2026-11-30,CNY,千元,PL,所得税费用·虚构来源11-17,本期,330,
虚构远岚,个别,2026-11-01,2026-11-30,CNY,千元,PL,净利润·虚构来源11-18,本期,880,
虚构远岚,个别,2026-11-01,2026-11-30,CNY,千元,PL,其他综合收益税后净额·虚构来源11-19,本期,55,
虚构远岚,个别,2026-11-01,2026-11-30,CNY,千元,PL,综合收益总额·虚构来源11-20,本期,935,
虚构远岚,个别,2026-11-01,2026-11-30,CNY,千元,CF,经营活动现金净额·虚构来源11-21,本期,770,
虚构远岚,个别,2026-11-01,2026-11-30,CNY,千元,CF,投资活动现金净额·虚构来源11-22,本期,-440,
虚构远岚,个别,2026-11-01,2026-11-30,CNY,千元,CF,筹资活动现金净额·虚构来源11-23,本期,110,
虚构远岚,个别,2026-11-01,2026-11-30,CNY,千元,CF,汇率影响·虚构来源11-24,本期,0,
虚构远岚,个别,2026-11-01,2026-11-30,CNY,千元,CF,现金净增加额·虚构来源11-25,本期,440,
虚构远岚,个别,2026-11-01,2026-11-30,CNY,千元,CF,现金及等价物·虚构来源11-26,期初,1100,
虚构远岚,个别,2026-11-01,2026-11-30,CNY,千元,CF,现金及等价物·虚构来源11-27,期末,1540,
虚构远岚,个别,2026-11-01,2026-11-30,CNY,千元,CF,补充资料净利润·虚构来源11-28,本期,880,
虚构远岚,个别,2026-11-01,2026-11-30,CNY,千元,BR,不属于现金的货币资金·虚构来源11-29,期初,110,虚构附注G11；现金/留存全部构成已确认（含零）
虚构远岚,个别,2026-11-01,2026-11-30,CNY,千元,BR,不属于现金的货币资金·虚构来源11-30,期末,220,虚构附注G11；现金/留存全部构成已确认（含零）
虚构远岚,个别,2026-11-01,2026-11-30,CNY,千元,BR,货币资金之外的现金等价物·虚构来源11-31,期初,110,虚构附注G11；现金/留存全部构成已确认（含零）
虚构远岚,个别,2026-11-01,2026-11-30,CNY,千元,BR,货币资金之外的现金等价物·虚构来源11-32,期末,220,虚构附注G11；现金/留存全部构成已确认（含零）
虚构远岚,个别,2026-11-01,2026-11-30,CNY,千元,BR,利润分配·虚构来源11-33,本期,220,虚构附注G11；现金/留存全部构成已确认（含零）
虚构远岚,个别,2026-11-01,2026-11-30,CNY,千元,BR,盈余公积提取·虚构来源11-34,本期,110,虚构附注G11；现金/留存全部构成已确认（含零）
虚构远岚,个别,2026-11-01,2026-11-30,CNY,千元,BR,其他留存调整·虚构来源11-35,本期,0,虚构附注G11；现金/留存全部构成已确认（含零）
虚构海芒,合并,2026-12-01,2026-12-31,CNY,万元,BS,资产总计·虚构来源12-01,期末,12000,
虚构海芒,合并,2026-12-01,2026-12-31,CNY,万元,BS,流动资产合计·虚构来源12-02,期末,7200,
虚构海芒,合并,2026-12-01,2026-12-31,CNY,万元,BS,非流动资产合计·虚构来源12-03,期末,4800,
虚构海芒,合并,2026-12-01,2026-12-31,CNY,万元,BS,负债合计·虚构来源12-04,期末,4800,
虚构海芒,合并,2026-12-01,2026-12-31,CNY,万元,BS,流动负债合计·虚构来源12-05,期末,3000,
虚构海芒,合并,2026-12-01,2026-12-31,CNY,万元,BS,非流动负债合计·虚构来源12-06,期末,1800,
虚构海芒,合并,2026-12-01,2026-12-31,CNY,万元,BS,所有者权益合计·虚构来源12-07,期末,7200,
虚构海芒,合并,2026-12-01,2026-12-31,CNY,万元,BS,负债和所有者权益总计·虚构来源12-08,期末,12000,
虚构海芒,合并,2026-12-01,2026-12-31,CNY,万元,BS,货币资金·虚构来源12-09,期末,1680,
虚构海芒,合并,2026-12-01,2026-12-31,CNY,万元,BS,货币资金·虚构来源12-10,期初,1200,
虚构海芒,合并,2026-12-01,2026-12-31,CNY,万元,BS,未分配利润·虚构来源12-11,期初,2400,
虚构海芒,合并,2026-12-01,2026-12-31,CNY,万元,BS,未分配利润·虚构来源12-12,期末,3000,
虚构海芒,合并,2026-12-01,2026-12-31,CNY,万元,PL,营业利润·虚构来源12-13,本期,1200,
虚构海芒,合并,2026-12-01,2026-12-31,CNY,万元,PL,营业外收入·虚构来源12-14,本期,240,
虚构海芒,合并,2026-12-01,2026-12-31,CNY,万元,PL,营业外支出·虚构来源12-15,本期,120,
虚构海芒,合并,2026-12-01,2026-12-31,CNY,万元,PL,利润总额·虚构来源12-16,本期,1320,
虚构海芒,合并,2026-12-01,2026-12-31,CNY,万元,PL,所得税费用·虚构来源12-17,本期,360,
虚构海芒,合并,2026-12-01,2026-12-31,CNY,万元,PL,净利润·虚构来源12-18,本期,960,
虚构海芒,合并,2026-12-01,2026-12-31,CNY,万元,PL,其他综合收益税后净额·虚构来源12-19,本期,60,
虚构海芒,合并,2026-12-01,2026-12-31,CNY,万元,PL,综合收益总额·虚构来源12-20,本期,1020,
虚构海芒,合并,2026-12-01,2026-12-31,CNY,万元,CF,经营活动现金净额·虚构来源12-21,本期,840,
虚构海芒,合并,2026-12-01,2026-12-31,CNY,万元,CF,投资活动现金净额·虚构来源12-22,本期,-480,
虚构海芒,合并,2026-12-01,2026-12-31,CNY,万元,CF,筹资活动现金净额·虚构来源12-23,本期,120,
虚构海芒,合并,2026-12-01,2026-12-31,CNY,万元,CF,汇率影响·虚构来源12-24,本期,0,
虚构海芒,合并,2026-12-01,2026-12-31,CNY,万元,CF,现金净增加额·虚构来源12-25,本期,480,
虚构海芒,合并,2026-12-01,2026-12-31,CNY,万元,CF,现金及等价物·虚构来源12-26,期初,1200,
虚构海芒,合并,2026-12-01,2026-12-31,CNY,万元,CF,现金及等价物·虚构来源12-27,期末,1680,
虚构海芒,合并,2026-12-01,2026-12-31,CNY,万元,CF,补充资料净利润·虚构来源12-28,本期,960,
虚构海芒,合并,2026-12-01,2026-12-31,CNY,万元,BR,不属于现金的货币资金·虚构来源12-29,期初,120,虚构附注G12；现金/留存全部构成已确认（含零）
虚构海芒,合并,2026-12-01,2026-12-31,CNY,万元,BR,不属于现金的货币资金·虚构来源12-30,期末,240,虚构附注G12；现金/留存全部构成已确认（含零）
虚构海芒,合并,2026-12-01,2026-12-31,CNY,万元,BR,货币资金之外的现金等价物·虚构来源12-31,期初,120,虚构附注G12；现金/留存全部构成已确认（含零）
虚构海芒,合并,2026-12-01,2026-12-31,CNY,万元,BR,货币资金之外的现金等价物·虚构来源12-32,期末,240,虚构附注G12；现金/留存全部构成已确认（含零）
虚构海芒,合并,2026-12-01,2026-12-31,CNY,万元,BR,利润分配·虚构来源12-33,本期,240,虚构附注G12；现金/留存全部构成已确认（含零）
虚构海芒,合并,2026-12-01,2026-12-31,CNY,万元,BR,盈余公积提取·虚构来源12-34,本期,120,虚构附注G12；现金/留存全部构成已确认（含零）
虚构海芒,合并,2026-12-01,2026-12-31,CNY,万元,BR,其他留存调整·虚构来源12-35,本期,0,虚构附注G12；现金/留存全部构成已确认（含零）
虚构星禾,个别,2026-01-01,2026-12-31,CNY,元,BS,资产总计·虚构来源13-01,期末,13000,
虚构星禾,个别,2026-01-01,2026-12-31,CNY,元,BS,流动资产合计·虚构来源13-02,期末,7800,
虚构星禾,个别,2026-01-01,2026-12-31,CNY,元,BS,非流动资产合计·虚构来源13-03,期末,5200,
虚构星禾,个别,2026-01-01,2026-12-31,CNY,元,BS,负债合计·虚构来源13-04,期末,5200,
虚构星禾,个别,2026-01-01,2026-12-31,CNY,元,BS,流动负债合计·虚构来源13-05,期末,3250,
虚构星禾,个别,2026-01-01,2026-12-31,CNY,元,BS,非流动负债合计·虚构来源13-06,期末,1950,
虚构星禾,个别,2026-01-01,2026-12-31,CNY,元,BS,所有者权益合计·虚构来源13-07,期末,7800,
虚构星禾,个别,2026-01-01,2026-12-31,CNY,元,BS,负债和所有者权益总计·虚构来源13-08,期末,13000,
虚构星禾,个别,2026-01-01,2026-12-31,CNY,元,BS,货币资金·虚构来源13-09,期末,1820,
虚构星禾,个别,2026-01-01,2026-12-31,CNY,元,BS,货币资金·虚构来源13-10,期初,1300,
虚构星禾,个别,2026-01-01,2026-12-31,CNY,元,BS,未分配利润·虚构来源13-11,期初,2600,
虚构星禾,个别,2026-01-01,2026-12-31,CNY,元,BS,未分配利润·虚构来源13-12,期末,3250,
虚构星禾,个别,2026-01-01,2026-12-31,CNY,元,PL,营业利润·虚构来源13-13,本期,1300,
虚构星禾,个别,2026-01-01,2026-12-31,CNY,元,PL,营业外收入·虚构来源13-14,本期,260,
虚构星禾,个别,2026-01-01,2026-12-31,CNY,元,PL,营业外支出·虚构来源13-15,本期,130,
虚构星禾,个别,2026-01-01,2026-12-31,CNY,元,PL,利润总额·虚构来源13-16,本期,1430,
虚构星禾,个别,2026-01-01,2026-12-31,CNY,元,PL,所得税费用·虚构来源13-17,本期,390,
虚构星禾,个别,2026-01-01,2026-12-31,CNY,元,PL,净利润·虚构来源13-18,本期,1040,
虚构星禾,个别,2026-01-01,2026-12-31,CNY,元,PL,其他综合收益税后净额·虚构来源13-19,本期,65,
虚构星禾,个别,2026-01-01,2026-12-31,CNY,元,PL,综合收益总额·虚构来源13-20,本期,1105,
虚构星禾,个别,2026-01-01,2026-12-31,CNY,元,CF,经营活动现金净额·虚构来源13-21,本期,910,
虚构星禾,个别,2026-01-01,2026-12-31,CNY,元,CF,投资活动现金净额·虚构来源13-22,本期,-520,
虚构星禾,个别,2026-01-01,2026-12-31,CNY,元,CF,筹资活动现金净额·虚构来源13-23,本期,130,
虚构星禾,个别,2026-01-01,2026-12-31,CNY,元,CF,汇率影响·虚构来源13-24,本期,0,
虚构星禾,个别,2026-01-01,2026-12-31,CNY,元,CF,现金净增加额·虚构来源13-25,本期,520,
虚构星禾,个别,2026-01-01,2026-12-31,CNY,元,CF,现金及等价物·虚构来源13-26,期初,1300,
虚构星禾,个别,2026-01-01,2026-12-31,CNY,元,CF,现金及等价物·虚构来源13-27,期末,1820,
虚构星禾,个别,2026-01-01,2026-12-31,CNY,元,CF,补充资料净利润·虚构来源13-28,本期,1040,
虚构星禾,个别,2026-01-01,2026-12-31,CNY,元,BR,不属于现金的货币资金·虚构来源13-29,期初,130,虚构附注G13；现金/留存全部构成已确认（含零）
虚构星禾,个别,2026-01-01,2026-12-31,CNY,元,BR,不属于现金的货币资金·虚构来源13-30,期末,260,虚构附注G13；现金/留存全部构成已确认（含零）
虚构星禾,个别,2026-01-01,2026-12-31,CNY,元,BR,货币资金之外的现金等价物·虚构来源13-31,期初,130,虚构附注G13；现金/留存全部构成已确认（含零）
虚构星禾,个别,2026-01-01,2026-12-31,CNY,元,BR,货币资金之外的现金等价物·虚构来源13-32,期末,260,虚构附注G13；现金/留存全部构成已确认（含零）
虚构星禾,个别,2026-01-01,2026-12-31,CNY,元,BR,利润分配·虚构来源13-33,本期,260,虚构附注G13；现金/留存全部构成已确认（含零）
虚构星禾,个别,2026-01-01,2026-12-31,CNY,元,BR,盈余公积提取·虚构来源13-34,本期,130,虚构附注G13；现金/留存全部构成已确认（含零）
虚构星禾,个别,2026-01-01,2026-12-31,CNY,元,BR,其他留存调整·虚构来源13-35,本期,0,虚构附注G13；现金/留存全部构成已确认（含零）
虚构远岚,合并,2026-01-01,2026-12-31,USD,千元,BS,资产总计·虚构来源14-01,期末,14000,
虚构远岚,合并,2026-01-01,2026-12-31,USD,千元,BS,流动资产合计·虚构来源14-02,期末,8400,
虚构远岚,合并,2026-01-01,2026-12-31,USD,千元,BS,非流动资产合计·虚构来源14-03,期末,5600,
虚构远岚,合并,2026-01-01,2026-12-31,USD,千元,BS,负债合计·虚构来源14-04,期末,5600,
虚构远岚,合并,2026-01-01,2026-12-31,USD,千元,BS,流动负债合计·虚构来源14-05,期末,3500,
虚构远岚,合并,2026-01-01,2026-12-31,USD,千元,BS,非流动负债合计·虚构来源14-06,期末,2100,
虚构远岚,合并,2026-01-01,2026-12-31,USD,千元,BS,所有者权益合计·虚构来源14-07,期末,8400,
虚构远岚,合并,2026-01-01,2026-12-31,USD,千元,BS,负债和所有者权益总计·虚构来源14-08,期末,14000,
虚构远岚,合并,2026-01-01,2026-12-31,USD,千元,BS,货币资金·虚构来源14-09,期末,1960,
虚构远岚,合并,2026-01-01,2026-12-31,USD,千元,BS,货币资金·虚构来源14-10,期初,1400,
虚构远岚,合并,2026-01-01,2026-12-31,USD,千元,BS,未分配利润·虚构来源14-11,期初,2800,
虚构远岚,合并,2026-01-01,2026-12-31,USD,千元,BS,未分配利润·虚构来源14-12,期末,3500,
虚构远岚,合并,2026-01-01,2026-12-31,USD,千元,PL,营业利润·虚构来源14-13,本期,1400,
虚构远岚,合并,2026-01-01,2026-12-31,USD,千元,PL,营业外收入·虚构来源14-14,本期,280,
虚构远岚,合并,2026-01-01,2026-12-31,USD,千元,PL,营业外支出·虚构来源14-15,本期,140,
虚构远岚,合并,2026-01-01,2026-12-31,USD,千元,PL,利润总额·虚构来源14-16,本期,1540,
虚构远岚,合并,2026-01-01,2026-12-31,USD,千元,PL,所得税费用·虚构来源14-17,本期,420,
虚构远岚,合并,2026-01-01,2026-12-31,USD,千元,PL,净利润·虚构来源14-18,本期,1120,
虚构远岚,合并,2026-01-01,2026-12-31,USD,千元,PL,其他综合收益税后净额·虚构来源14-19,本期,70,
虚构远岚,合并,2026-01-01,2026-12-31,USD,千元,PL,综合收益总额·虚构来源14-20,本期,1190,
虚构远岚,合并,2026-01-01,2026-12-31,USD,千元,CF,经营活动现金净额·虚构来源14-21,本期,980,
虚构远岚,合并,2026-01-01,2026-12-31,USD,千元,CF,投资活动现金净额·虚构来源14-22,本期,-560,
虚构远岚,合并,2026-01-01,2026-12-31,USD,千元,CF,筹资活动现金净额·虚构来源14-23,本期,140,
虚构远岚,合并,2026-01-01,2026-12-31,USD,千元,CF,汇率影响·虚构来源14-24,本期,0,
虚构远岚,合并,2026-01-01,2026-12-31,USD,千元,CF,现金净增加额·虚构来源14-25,本期,560,
虚构远岚,合并,2026-01-01,2026-12-31,USD,千元,CF,现金及等价物·虚构来源14-26,期初,1400,
虚构远岚,合并,2026-01-01,2026-12-31,USD,千元,CF,现金及等价物·虚构来源14-27,期末,1960,
虚构远岚,合并,2026-01-01,2026-12-31,USD,千元,CF,补充资料净利润·虚构来源14-28,本期,1120,
虚构远岚,合并,2026-01-01,2026-12-31,USD,千元,BR,不属于现金的货币资金·虚构来源14-29,期初,140,虚构附注G14；现金/留存全部构成已确认（含零）
虚构远岚,合并,2026-01-01,2026-12-31,USD,千元,BR,不属于现金的货币资金·虚构来源14-30,期末,280,虚构附注G14；现金/留存全部构成已确认（含零）
虚构远岚,合并,2026-01-01,2026-12-31,USD,千元,BR,货币资金之外的现金等价物·虚构来源14-31,期初,140,虚构附注G14；现金/留存全部构成已确认（含零）
虚构远岚,合并,2026-01-01,2026-12-31,USD,千元,BR,货币资金之外的现金等价物·虚构来源14-32,期末,280,虚构附注G14；现金/留存全部构成已确认（含零）
虚构远岚,合并,2026-01-01,2026-12-31,USD,千元,BR,利润分配·虚构来源14-33,本期,280,虚构附注G14；现金/留存全部构成已确认（含零）
虚构远岚,合并,2026-01-01,2026-12-31,USD,千元,BR,盈余公积提取·虚构来源14-34,本期,140,虚构附注G14；现金/留存全部构成已确认（含零）
虚构远岚,合并,2026-01-01,2026-12-31,USD,千元,BR,其他留存调整·虚构来源14-35,本期,0,虚构附注G14；现金/留存全部构成已确认（含零）
虚构海芒,个别,2026-01-01,2026-12-31,CNY,万元,BS,资产总计·虚构来源15-01,期末,15000,
虚构海芒,个别,2026-01-01,2026-12-31,CNY,万元,BS,流动资产合计·虚构来源15-02,期末,9000,
虚构海芒,个别,2026-01-01,2026-12-31,CNY,万元,BS,非流动资产合计·虚构来源15-03,期末,6000,
虚构海芒,个别,2026-01-01,2026-12-31,CNY,万元,BS,负债合计·虚构来源15-04,期末,6000,
虚构海芒,个别,2026-01-01,2026-12-31,CNY,万元,BS,流动负债合计·虚构来源15-05,期末,3750,
虚构海芒,个别,2026-01-01,2026-12-31,CNY,万元,BS,非流动负债合计·虚构来源15-06,期末,2250,
虚构海芒,个别,2026-01-01,2026-12-31,CNY,万元,BS,所有者权益合计·虚构来源15-07,期末,9000,
虚构海芒,个别,2026-01-01,2026-12-31,CNY,万元,BS,负债和所有者权益总计·虚构来源15-08,期末,15000,
虚构海芒,个别,2026-01-01,2026-12-31,CNY,万元,BS,货币资金·虚构来源15-09,期末,2100,
虚构海芒,个别,2026-01-01,2026-12-31,CNY,万元,BS,货币资金·虚构来源15-10,期初,1500,
虚构海芒,个别,2026-01-01,2026-12-31,CNY,万元,BS,未分配利润·虚构来源15-11,期初,3000,
虚构海芒,个别,2026-01-01,2026-12-31,CNY,万元,BS,未分配利润·虚构来源15-12,期末,3750,
虚构海芒,个别,2026-01-01,2026-12-31,CNY,万元,PL,营业利润·虚构来源15-13,本期,1500,
虚构海芒,个别,2026-01-01,2026-12-31,CNY,万元,PL,营业外收入·虚构来源15-14,本期,300,
虚构海芒,个别,2026-01-01,2026-12-31,CNY,万元,PL,营业外支出·虚构来源15-15,本期,150,
虚构海芒,个别,2026-01-01,2026-12-31,CNY,万元,PL,利润总额·虚构来源15-16,本期,1650,
虚构海芒,个别,2026-01-01,2026-12-31,CNY,万元,PL,所得税费用·虚构来源15-17,本期,450,
虚构海芒,个别,2026-01-01,2026-12-31,CNY,万元,PL,净利润·虚构来源15-18,本期,1200,
虚构海芒,个别,2026-01-01,2026-12-31,CNY,万元,PL,其他综合收益税后净额·虚构来源15-19,本期,75,
虚构海芒,个别,2026-01-01,2026-12-31,CNY,万元,PL,综合收益总额·虚构来源15-20,本期,1275,
虚构海芒,个别,2026-01-01,2026-12-31,CNY,万元,CF,经营活动现金净额·虚构来源15-21,本期,1050,
虚构海芒,个别,2026-01-01,2026-12-31,CNY,万元,CF,投资活动现金净额·虚构来源15-22,本期,-600,
虚构海芒,个别,2026-01-01,2026-12-31,CNY,万元,CF,筹资活动现金净额·虚构来源15-23,本期,150,
虚构海芒,个别,2026-01-01,2026-12-31,CNY,万元,CF,汇率影响·虚构来源15-24,本期,0,
虚构海芒,个别,2026-01-01,2026-12-31,CNY,万元,CF,现金净增加额·虚构来源15-25,本期,600,
虚构海芒,个别,2026-01-01,2026-12-31,CNY,万元,CF,现金及等价物·虚构来源15-26,期初,1500,
虚构海芒,个别,2026-01-01,2026-12-31,CNY,万元,CF,现金及等价物·虚构来源15-27,期末,2100,
虚构海芒,个别,2026-01-01,2026-12-31,CNY,万元,CF,补充资料净利润·虚构来源15-28,本期,1200,
虚构海芒,个别,2026-01-01,2026-12-31,CNY,万元,BR,不属于现金的货币资金·虚构来源15-29,期初,150,虚构附注G15；现金/留存全部构成已确认（含零）
虚构海芒,个别,2026-01-01,2026-12-31,CNY,万元,BR,不属于现金的货币资金·虚构来源15-30,期末,300,虚构附注G15；现金/留存全部构成已确认（含零）
虚构海芒,个别,2026-01-01,2026-12-31,CNY,万元,BR,货币资金之外的现金等价物·虚构来源15-31,期初,150,虚构附注G15；现金/留存全部构成已确认（含零）
虚构海芒,个别,2026-01-01,2026-12-31,CNY,万元,BR,货币资金之外的现金等价物·虚构来源15-32,期末,300,虚构附注G15；现金/留存全部构成已确认（含零）
虚构海芒,个别,2026-01-01,2026-12-31,CNY,万元,BR,利润分配·虚构来源15-33,本期,300,虚构附注G15；现金/留存全部构成已确认（含零）
虚构海芒,个别,2026-01-01,2026-12-31,CNY,万元,BR,盈余公积提取·虚构来源15-34,本期,150,虚构附注G15；现金/留存全部构成已确认（含零）
虚构海芒,个别,2026-01-01,2026-12-31,CNY,万元,BR,其他留存调整·虚构来源15-35,本期,0,虚构附注G15；现金/留存全部构成已确认（含零）
虚构星禾,合并,2026-01-01,2026-12-31,USD,元,BS,资产总计·虚构来源16-01,期末,16000,
虚构星禾,合并,2026-01-01,2026-12-31,USD,元,BS,流动资产合计·虚构来源16-02,期末,9600,
虚构星禾,合并,2026-01-01,2026-12-31,USD,元,BS,非流动资产合计·虚构来源16-03,期末,6400,
虚构星禾,合并,2026-01-01,2026-12-31,USD,元,BS,负债合计·虚构来源16-04,期末,6400,
虚构星禾,合并,2026-01-01,2026-12-31,USD,元,BS,流动负债合计·虚构来源16-05,期末,4000,
虚构星禾,合并,2026-01-01,2026-12-31,USD,元,BS,非流动负债合计·虚构来源16-06,期末,2400,
虚构星禾,合并,2026-01-01,2026-12-31,USD,元,BS,所有者权益合计·虚构来源16-07,期末,9600,
虚构星禾,合并,2026-01-01,2026-12-31,USD,元,BS,负债和所有者权益总计·虚构来源16-08,期末,16000,
虚构星禾,合并,2026-01-01,2026-12-31,USD,元,BS,货币资金·虚构来源16-09,期末,2240,
虚构星禾,合并,2026-01-01,2026-12-31,USD,元,BS,货币资金·虚构来源16-10,期初,1600,
虚构星禾,合并,2026-01-01,2026-12-31,USD,元,BS,未分配利润·虚构来源16-11,期初,3200,
虚构星禾,合并,2026-01-01,2026-12-31,USD,元,BS,未分配利润·虚构来源16-12,期末,4000,
虚构星禾,合并,2026-01-01,2026-12-31,USD,元,PL,营业利润·虚构来源16-13,本期,1600,
虚构星禾,合并,2026-01-01,2026-12-31,USD,元,PL,营业外收入·虚构来源16-14,本期,320,
虚构星禾,合并,2026-01-01,2026-12-31,USD,元,PL,营业外支出·虚构来源16-15,本期,160,
虚构星禾,合并,2026-01-01,2026-12-31,USD,元,PL,利润总额·虚构来源16-16,本期,1760,
虚构星禾,合并,2026-01-01,2026-12-31,USD,元,PL,所得税费用·虚构来源16-17,本期,480,
虚构星禾,合并,2026-01-01,2026-12-31,USD,元,PL,净利润·虚构来源16-18,本期,1280,
虚构星禾,合并,2026-01-01,2026-12-31,USD,元,PL,其他综合收益税后净额·虚构来源16-19,本期,80,
虚构星禾,合并,2026-01-01,2026-12-31,USD,元,PL,综合收益总额·虚构来源16-20,本期,1360,
虚构星禾,合并,2026-01-01,2026-12-31,USD,元,CF,经营活动现金净额·虚构来源16-21,本期,1120,
虚构星禾,合并,2026-01-01,2026-12-31,USD,元,CF,投资活动现金净额·虚构来源16-22,本期,-640,
虚构星禾,合并,2026-01-01,2026-12-31,USD,元,CF,筹资活动现金净额·虚构来源16-23,本期,160,
虚构星禾,合并,2026-01-01,2026-12-31,USD,元,CF,汇率影响·虚构来源16-24,本期,0,
虚构星禾,合并,2026-01-01,2026-12-31,USD,元,CF,现金净增加额·虚构来源16-25,本期,640,
虚构星禾,合并,2026-01-01,2026-12-31,USD,元,CF,现金及等价物·虚构来源16-26,期初,1600,
虚构星禾,合并,2026-01-01,2026-12-31,USD,元,CF,现金及等价物·虚构来源16-27,期末,2240,
虚构星禾,合并,2026-01-01,2026-12-31,USD,元,CF,补充资料净利润·虚构来源16-28,本期,1280,
虚构星禾,合并,2026-01-01,2026-12-31,USD,元,BR,不属于现金的货币资金·虚构来源16-29,期初,160,虚构附注G16；现金/留存全部构成已确认（含零）
虚构星禾,合并,2026-01-01,2026-12-31,USD,元,BR,不属于现金的货币资金·虚构来源16-30,期末,320,虚构附注G16；现金/留存全部构成已确认（含零）
虚构星禾,合并,2026-01-01,2026-12-31,USD,元,BR,货币资金之外的现金等价物·虚构来源16-31,期初,160,虚构附注G16；现金/留存全部构成已确认（含零）
虚构星禾,合并,2026-01-01,2026-12-31,USD,元,BR,货币资金之外的现金等价物·虚构来源16-32,期末,320,虚构附注G16；现金/留存全部构成已确认（含零）
虚构星禾,合并,2026-01-01,2026-12-31,USD,元,BR,利润分配·虚构来源16-33,本期,320,虚构附注G16；现金/留存全部构成已确认（含零）
虚构星禾,合并,2026-01-01,2026-12-31,USD,元,BR,盈余公积提取·虚构来源16-34,本期,160,虚构附注G16；现金/留存全部构成已确认（含零）
虚构星禾,合并,2026-01-01,2026-12-31,USD,元,BR,其他留存调整·虚构来源16-35,本期,0,虚构附注G16；现金/留存全部构成已确认（含零）
虚构远岚,个别,2026-01-01,2026-12-31,CNY,千元,BS,资产总计·虚构来源17-01,期末,17000,
虚构远岚,个别,2026-01-01,2026-12-31,CNY,千元,BS,流动资产合计·虚构来源17-02,期末,10200,
虚构远岚,个别,2026-01-01,2026-12-31,CNY,千元,BS,非流动资产合计·虚构来源17-03,期末,6800,
虚构远岚,个别,2026-01-01,2026-12-31,CNY,千元,BS,负债合计·虚构来源17-04,期末,6800,
虚构远岚,个别,2026-01-01,2026-12-31,CNY,千元,BS,流动负债合计·虚构来源17-05,期末,4250,
虚构远岚,个别,2026-01-01,2026-12-31,CNY,千元,BS,非流动负债合计·虚构来源17-06,期末,2550,
虚构远岚,个别,2026-01-01,2026-12-31,CNY,千元,BS,所有者权益合计·虚构来源17-07,期末,10200,
虚构远岚,个别,2026-01-01,2026-12-31,CNY,千元,BS,负债和所有者权益总计·虚构来源17-08,期末,17000,
虚构远岚,个别,2026-01-01,2026-12-31,CNY,千元,BS,货币资金·虚构来源17-09,期末,2380,
虚构远岚,个别,2026-01-01,2026-12-31,CNY,千元,BS,货币资金·虚构来源17-10,期初,1700,
虚构远岚,个别,2026-01-01,2026-12-31,CNY,千元,BS,未分配利润·虚构来源17-11,期初,3400,
虚构远岚,个别,2026-01-01,2026-12-31,CNY,千元,BS,未分配利润·虚构来源17-12,期末,4250,
虚构远岚,个别,2026-01-01,2026-12-31,CNY,千元,PL,营业利润·虚构来源17-13,本期,1700,
虚构远岚,个别,2026-01-01,2026-12-31,CNY,千元,PL,营业外收入·虚构来源17-14,本期,340,
虚构远岚,个别,2026-01-01,2026-12-31,CNY,千元,PL,营业外支出·虚构来源17-15,本期,170,
虚构远岚,个别,2026-01-01,2026-12-31,CNY,千元,PL,利润总额·虚构来源17-16,本期,1870,
虚构远岚,个别,2026-01-01,2026-12-31,CNY,千元,PL,所得税费用·虚构来源17-17,本期,510,
虚构远岚,个别,2026-01-01,2026-12-31,CNY,千元,PL,净利润·虚构来源17-18,本期,1360,
虚构远岚,个别,2026-01-01,2026-12-31,CNY,千元,PL,其他综合收益税后净额·虚构来源17-19,本期,85,
虚构远岚,个别,2026-01-01,2026-12-31,CNY,千元,PL,综合收益总额·虚构来源17-20,本期,1445,
虚构远岚,个别,2026-01-01,2026-12-31,CNY,千元,CF,经营活动现金净额·虚构来源17-21,本期,1190,
虚构远岚,个别,2026-01-01,2026-12-31,CNY,千元,CF,投资活动现金净额·虚构来源17-22,本期,-680,
虚构远岚,个别,2026-01-01,2026-12-31,CNY,千元,CF,筹资活动现金净额·虚构来源17-23,本期,170,
虚构远岚,个别,2026-01-01,2026-12-31,CNY,千元,CF,汇率影响·虚构来源17-24,本期,0,
虚构远岚,个别,2026-01-01,2026-12-31,CNY,千元,CF,现金净增加额·虚构来源17-25,本期,680,
虚构远岚,个别,2026-01-01,2026-12-31,CNY,千元,CF,现金及等价物·虚构来源17-26,期初,1700,
虚构远岚,个别,2026-01-01,2026-12-31,CNY,千元,CF,现金及等价物·虚构来源17-27,期末,2380,
虚构远岚,个别,2026-01-01,2026-12-31,CNY,千元,CF,补充资料净利润·虚构来源17-28,本期,1360,
虚构远岚,个别,2026-01-01,2026-12-31,CNY,千元,BR,不属于现金的货币资金·虚构来源17-29,期初,170,虚构附注G17；现金/留存全部构成已确认（含零）
虚构远岚,个别,2026-01-01,2026-12-31,CNY,千元,BR,不属于现金的货币资金·虚构来源17-30,期末,340,虚构附注G17；现金/留存全部构成已确认（含零）
虚构远岚,个别,2026-01-01,2026-12-31,CNY,千元,BR,货币资金之外的现金等价物·虚构来源17-31,期初,170,虚构附注G17；现金/留存全部构成已确认（含零）
虚构远岚,个别,2026-01-01,2026-12-31,CNY,千元,BR,货币资金之外的现金等价物·虚构来源17-32,期末,340,虚构附注G17；现金/留存全部构成已确认（含零）
虚构远岚,个别,2026-01-01,2026-12-31,CNY,千元,BR,利润分配·虚构来源17-33,本期,340,虚构附注G17；现金/留存全部构成已确认（含零）
虚构远岚,个别,2026-01-01,2026-12-31,CNY,千元,BR,盈余公积提取·虚构来源17-34,本期,170,虚构附注G17；现金/留存全部构成已确认（含零）
虚构远岚,个别,2026-01-01,2026-12-31,CNY,千元,BR,其他留存调整·虚构来源17-35,本期,0,虚构附注G17；现金/留存全部构成已确认（含零）
虚构远岚,个别,2026-01-01,2026-12-31,CNY,千元,BS,未对应尾部项目1,期末,0,虚构未对应资料
虚构远岚,个别,2026-01-01,2026-12-31,CNY,千元,BS,未对应尾部项目2,期末,-0.123456,虚构未对应资料
虚构远岚,个别,2026-01-01,2026-12-31,CNY,千元,BS,未对应尾部项目3,期末,0,虚构未对应资料
虚构远岚,个别,2026-01-01,2026-12-31,CNY,千元,BS,未对应尾部项目4,期末,-0.123456,虚构未对应资料
虚构远岚,个别,2026-01-01,2026-12-31,CNY,千元,BS,未对应尾部项目5,期末,0,虚构未对应资料
虚构远岚,个别,2026-01-01,2026-12-31,CNY,千元,BS,未对应尾部项目6,期末,-0.123456,虚构未对应资料
虚构远岚,个别,2026-01-01,2026-12-31,CNY,千元,BS,未对应尾部项目7,期末,0,虚构未对应资料
虚构远岚,个别,2026-01-01,2026-12-31,CNY,千元,BS,未对应尾部项目8,期末,-0.123456,虚构未对应资料
虚构远岚,个别,2026-01-01,2026-12-31,CNY,千元,BS,未对应尾部项目9,期末,0,虚构未对应资料