行ID,主体,供应商ID,供应商名称,物料ID,币种,数量单位,金额单位,含税口径,业务日期,数量,单价,金额,角色,原行ID,批准依据
R001,虚构甲公司,001,虚构供应商,M01,CNY,件,元,含税静态值,2026-09-10,80,10,800,正常,,
R002,虚构甲公司,001,虚构供应商,M01,CNY,件,元,含税静态值,2026-09-10,100,10,1000,正常,,
R003,虚构甲公司,001,虚构供应商,M01,CNY,件,元,含税静态值,2026-09-10,100,10,1000,正常,,
R004,虚构甲公司,001,虚构供应商,M01,CNY,件,元,含税静态值,2026-09-10,100,10,1000,正常,,
R005,虚构甲公司,001,虚构供应商,M01,CNY,件,元,含税静态值,2026-09-10,100,10,1000,正常,,
R006,虚构甲公司,001,虚构供应商,M01,CNY,件,元,含税静态值,2026-09-10,100,10,1000,正常,,
R007,虚构甲公司,001,虚构供应商,M01,CNY,件,元,含税静态值,2026-09-10,100,10,1000,正常,,
R008,虚构甲公司,001,虚构供应商,M01,CNY,件,元,含税静态值,2026-09-10,100,10,1000,正常,,
R009,虚构甲公司,001,虚构供应商,M01,CNY,件,元,含税静态值,2026-09-10,100,10,1000,正常,,
R010,虚构甲公司,001,虚构供应商,M01,CNY,件,元,含税静态值,2026-09-10,100,10,1000,正常,,
R011,虚构甲公司,001,虚构供应商,M01,CNY,件,元,含税静态值,2026-09-10,100,10,1000,正常,,
R012,虚构甲公司,001,虚构供应商,M01,CNY,件,元,含税静态值,2026-09-10,100,10,1000,正常,,
R013,虚构甲公司,001,虚构供应商,M01,CNY,件,元,含税静态值,2026-09-10,100,10,1000,正常,,
R014,虚构甲公司,001,虚构供应商,M01,CNY,件,元,含税静态值,2026-09-10,100,10,1000,正常,,
R015,虚构甲公司,001,虚构供应商,M01,CNY,件,元,含税静态值,2026-09-10,100,10,1000,正常,,
R016,虚构甲公司,001,虚构供应商,M01,CNY,件,元,含税静态值,2026-09-10,100,10,1000,正常,,
R017,虚构甲公司,001,虚构供应商,M01,CNY,件,元,含税静态值,2026-09-10,100,10,1000,正常,,
R018,虚构甲公司,001,虚构供应商,M01,CNY,件,元,含税静态值,2026-09-10,100,10,1000,正常,,
R019,虚构甲公司,001,虚构供应商,M01,CNY,件,元,含税静态值,2026-09-10,100,10,1000,正常,,
R020,虚构甲公司,001,虚构供应商,M01,CNY,件,元,含税静态值,2026-09-10,100,10,1000,正常,,
R021,虚构甲公司,001,虚构供应商,M01,CNY,件,元,含税静态值,2026-09-10,100,10,1000,正常,,
R022,虚构甲公司,001,虚构供应商,M01,CNY,件,元,含税静态值,2026-09-10,100,10,1000,正常,,
R023,虚构甲公司,001,虚构供应商,M01,CNY,件,元,含税静态值,2026-09-10,100,10,1000,正常,,
R024,虚构甲公司,001,虚构供应商,M01,CNY,件,元,含税静态值,2026-09-10,100,10,1000,正常,,
R025,虚构甲公司,001,虚构供应商,M01,CNY,件,元,含税静态值,2026-09-10,100,10,1000,正常,,
R026,虚构甲公司,001,虚构供应商,M01,CNY,件,元,含税静态值,2026-09-10,100,10,1000,正常,,
R027,虚构甲公司,001,虚构供应商,M01,CNY,件,元,含税静态值,2026-09-10,100,10,1000,正常,,
R028,虚构甲公司,001,虚构供应商,M01,CNY,件,元,含税静态值,2026-09-10,100,10,1000,正常,,
R029,虚构甲公司,001,虚构供应商,M01,CNY,件,元,含税静态值,2026-09-10,100,10,1000,正常,,
R030,虚构甲公司,001,虚构供应商,M01,CNY,件,元,含税静态值,2026-09-10,100,10,1000,正常,,
R031,虚构甲公司,001,虚构供应商,M01,CNY,件,元,含税静态值,2026-09-10,100,10,1000,正常,,