行ID,主体,供应商ID,供应商名称,物料ID,币种,数量单位,金额单位,含税口径,业务日期,数量,单价,金额
O001,虚构甲公司,001,虚构供应商,M01,CNY,件,元,含税静态值,2026-09-01,100,10,1000
O002,虚构甲公司,001,虚构供应商,M01,CNY,件,元,含税静态值,2026-09-01,100,10,1000
O003,虚构甲公司,001,虚构供应商,M01,CNY,件,元,含税静态值,2026-09-01,100,10,1000
O004,虚构甲公司,001,虚构供应商,M01,CNY,件,元,含税静态值,2026-09-01,100,10,1000
O005,虚构甲公司,001,虚构供应商,M01,CNY,件,元,含税静态值,2026-09-01,100,10,1000
O006,虚构甲公司,001,虚构供应商,M01,CNY,件,元,含税静态值,2026-09-01,100,10,1000
O007,虚构甲公司,001,虚构供应商,M01,CNY,件,元,含税静态值,2026-09-01,100,10,1000
O008,虚构甲公司,001,虚构供应商,M01,CNY,件,元,含税静态值,2026-09-01,100,10,1000
O009,虚构甲公司,001,虚构供应商,M01,CNY,件,元,含税静态值,2026-09-01,100,10,1000
O010,虚构甲公司,001,虚构供应商,M01,CNY,件,元,含税静态值,2026-09-01,100,10,1000
O011,虚构甲公司,001,虚构供应商,M01,CNY,件,元,含税静态值,2026-09-01,100,10,1000
O012,虚构甲公司,001,虚构供应商,M01,CNY,件,元,含税静态值,2026-09-01,100,10,1000
O013,虚构甲公司,001,虚构供应商,M01,CNY,件,元,含税静态值,2026-09-01,100,10,1000
O014,虚构甲公司,001,虚构供应商,M01,CNY,件,元,含税静态值,2026-09-01,100,10,1000
O015,虚构甲公司,001,虚构供应商,M01,CNY,件,元,含税静态值,2026-09-01,100,10,1000
O016,虚构甲公司,001,虚构供应商,M01,CNY,件,元,含税静态值,2026-09-01,100,10,1000
O017,虚构甲公司,001,虚构供应商,M01,CNY,件,元,含税静态值,2026-09-01,100,10,1000
O018,虚构甲公司,001,虚构供应商,M01,CNY,件,元,含税静态值,2026-09-01,100,10,1000
O019,虚构甲公司,001,虚构供应商,M01,CNY,件,元,含税静态值,2026-09-01,100,10,1000
O020,虚构甲公司,001,虚构供应商,M01,CNY,件,元,含税静态值,2026-09-01,100,10,1000
O021,虚构甲公司,001,虚构供应商,M01,CNY,件,元,含税静态值,2026-09-01,100,10,1000
O022,虚构甲公司,001,虚构供应商,M01,CNY,件,元,含税静态值,2026-09-01,100,10,1000
O023,虚构甲公司,001,虚构供应商,M01,CNY,件,元,含税静态值,2026-09-01,100,10,1000
O024,虚构甲公司,001,虚构供应商,M01,CNY,件,元,含税静态值,2026-09-01,100,10,1000
O025,虚构甲公司,001,虚构供应商,M01,CNY,件,元,含税静态值,2026-09-01,100,10,1000
O026,虚构甲公司,001,虚构供应商,M01,CNY,件,元,含税静态值,2026-09-01,100,10,1000
O027,虚构甲公司,001,虚构供应商,M01,CNY,件,元,含税静态值,2026-09-01,100,10,1000
O028,虚构甲公司,001,虚构供应商,M01,CNY,件,元,含税静态值,2026-09-01,100,10,1000
O029,虚构甲公司,001,虚构供应商,M01,CNY,件,元,含税静态值,2026-09-01,100,10,1000
O030,虚构甲公司,001,虚构供应商,M01,CNY,件,元,含税静态值,2026-09-01,100,10,1000
O031,虚构甲公司,001,虚构供应商,M01,CNY,件,元,含税静态值,2026-09-01,100,10,1000