关联ID,订单行ID,收货行ID,收货数量,收货金额,发票行ID,发票数量,发票金额,批准依据
L001,O001,R001,80,800,V001,100,1000,虚构授权分配单
L002,O002,R002,100,1000,V002,100,1000,虚构授权分配单
L003,O003,R003,100,1000,V003,100,1000,虚构授权分配单
L004,O004,R004,100,1000,V004,100,1000,虚构授权分配单
L005,O005,R005,100,1000,V005,100,1000,虚构授权分配单
L006,O006,R006,100,1000,V006,100,1000,虚构授权分配单
L007,O007,R007,100,1000,V007,100,1000,虚构授权分配单
L008,O008,R008,100,1000,V008,100,1000,虚构授权分配单
L009,O009,R009,100,1000,V009,100,1000,虚构授权分配单
L010,O010,R010,100,1000,V010,100,1000,虚构授权分配单
L011,O011,R011,100,1000,V011,100,1000,虚构授权分配单
L012,O012,R012,100,1000,V012,100,1000,虚构授权分配单
L013,O013,R013,100,1000,V013,100,1000,虚构授权分配单
L014,O014,R014,100,1000,V014,100,1000,虚构授权分配单
L015,O015,R015,100,1000,V015,100,1000,虚构授权分配单
L016,O016,R016,100,1000,V016,100,1000,虚构授权分配单
L017,O017,R017,100,1000,V017,100,1000,虚构授权分配单
L018,O018,R018,100,1000,V018,100,1000,虚构授权分配单
L019,O019,R019,100,1000,V019,100,1000,虚构授权分配单
L020,O020,R020,100,1000,V020,100,1000,虚构授权分配单
L021,O021,R021,100,1000,V021,100,1000,虚构授权分配单
L022,O022,R022,100,1000,V022,100,1000,虚构授权分配单
L023,O023,R023,100,1000,V023,100,1000,虚构授权分配单
L024,O024,R024,100,1000,V024,100,1000,虚构授权分配单
L025,O025,R025,100,1000,V025,100,1000,虚构授权分配单
L026,O026,R026,100,1000,V026,100,1000,虚构授权分配单
L027,O027,R027,100,1000,V027,100,1000,虚构授权分配单
L028,O028,R028,100,1000,V028,100,1000,虚构授权分配单
L029,O029,R029,100,1000,V029,100,1000,虚构授权分配单
L030,O030,R030,100,1000,V030,100,1000,虚构授权分配单
L031,O031,R031,100,1000,V031,100,1000,虚构授权分配单