"驱动ID","类别","预算项目","部门","期间","币种","金额单位","方法","数量或FTE","单价或月薪","附加金额","基数金额","费率百分数","组合算式","寿命月数","残值百分数","启用月","付款百分数"
"R01","收入","虚构服务订阅","虚构运营部","2027-01","CNY","元","量价","100","200","0","100","0","a*b+c","12","0","2027-01","100"
"F01","费用","固定办公费","虚构运营部","2027-01","CNY","元","固定额","1","100","0","3000","0","a*b+c","12","0","2027-01","100"
"V01","费用","销售费用","虚构运营部","2027-01","CNY","元","收入比例","1","100","0","100","5","a*b+c","12","0","2027-01","100"
"H01","人力","运营人员","虚构运营部","2027-01","CNY","元","人力成本","2","4000","100","100","20","a*b+c","12","0","2027-01","100"
"A01","CAPEX","虚构服务器","虚构运营部","2027-01","CNY","元","量价","2","1200","0","100","0","a*b+c","2","10","2027-02","50"
"R02","收入","虚构服务订阅","虚构运营部","2027-02","CNY","元","量价","100","200","0","100","0","a*b+c","12","0","2027-02","100"
"F02","费用","固定办公费","虚构运营部","2027-02","CNY","元","固定额","1","100","0","3000","0","a*b+c","12","0","2027-02","100"
"V02","费用","销售费用","虚构运营部","2027-02","CNY","元","收入比例","1","100","0","100","5","a*b+c","12","0","2027-02","100"
"H02","人力","运营人员","虚构运营部","2027-02","CNY","元","人力成本","2","4000","100","100","20","a*b+c","12","0","2027-02","100"
"R03","收入","虚构服务订阅","虚构运营部","2027-03","CNY","元","量价","100","200","0","100","0","a*b+c","12","0","2027-03","100"
"F03","费用","固定办公费","虚构运营部","2027-03","CNY","元","固定额","1","100","0","3000","0","a*b+c","12","0","2027-03","100"
"V03","费用","销售费用","虚构运营部","2027-03","CNY","元","收入比例","1","100","0","100","5","a*b+c","12","0","2027-03","100"
"H03","人力","运营人员","虚构运营部","2027-03","CNY","元","人力成本","2","4000","100","100","20","a*b+c","12","0","2027-03","100"