"记录ID","指标ID","维度","主体","期间","期间口径","场景","币种","单位","数值","分子","分母"
"虚构-1","revenue","东区","虚构示范公司","2026-09","当期","实际","CNY","元","120","",""
"虚构-2","revenue","东区","虚构示范公司","2026-09","当期","预算","CNY","元","100","",""
"虚构-3","revenue","东区","虚构示范公司","2025-09","当期","同期","CNY","元","80","",""
"虚构-4","revenue","西区","虚构示范公司","2026-09","当期","实际","CNY","元","80","",""
"虚构-5","revenue","西区","虚构示范公司","2026-09","当期","预算","CNY","元","90","",""
"虚构-6","revenue","西区","虚构示范公司","2025-09","当期","同期","CNY","元","100","",""
"虚构-7","margin","东区","虚构示范公司","2026-09","当期","实际","CNY","元","","30","120"
"虚构-8","margin","东区","虚构示范公司","2026-09","当期","预算","CNY","元","","20","100"
"虚构-9","margin","东区","虚构示范公司","2025-09","当期","同期","CNY","元","","16","80"
"虚构-10","headcount","东区","虚构示范公司","2026-09","当期","实际","不适用","人","12","",""
"虚构-11","headcount","东区","虚构示范公司","2026-09","当期","预算","不适用","人","10","",""
"虚构-12","headcount","东区","虚构示范公司","2025-09","当期","同期","不适用","人","11","",""