费用池ID,期间,币种,单位,共用费用,分摊基础,范围维度,范围值,费用依据
P000,2026-09,CNY,元,-0.01,正收入,全部,*,完全虚构管理费用依据
P001,2026-09,CNY,元,0.02,权重,全部,*,完全虚构管理费用依据
P002,2026-09,CNY,元,0.03,平均,全部,*,完全虚构管理费用依据
P003,2026-09,CNY,元,0.04,正收入,全部,*,完全虚构管理费用依据
P004,2026-09,CNY,元,0.05,权重,全部,*,完全虚构管理费用依据
P005,2026-09,CNY,元,0.06,平均,全部,*,完全虚构管理费用依据
P006,2026-09,CNY,元,0.07,正收入,客户,客户0106,完全虚构管理费用依据
P007,2026-09,CNY,元,0.08,权重,产品,产品07,完全虚构管理费用依据
P008,2026-09,CNY,元,0.09,平均,项目,项目08,完全虚构管理费用依据
P009,2026-09,CNY,元,0.1,正收入,客户,客户0109,完全虚构管理费用依据
P010,2026-09,CNY,元,0.11,权重,产品,产品10,完全虚构管理费用依据
P011,2026-09,CNY,元,-0.12,平均,项目,项目11,完全虚构管理费用依据
P012,2026-09,CNY,元,0.13,正收入,客户,客户0112,完全虚构管理费用依据
P013,2026-09,CNY,元,0.14,权重,产品,产品13,完全虚构管理费用依据
P014,2026-09,CNY,元,0.15,平均,项目,项目14,完全虚构管理费用依据
P015,2026-09,CNY,元,0.16,正收入,客户,客户0115,完全虚构管理费用依据
P016,2026-09,CNY,元,0.17,权重,产品,产品16,完全虚构管理费用依据
P017,2026-09,CNY,元,0.18,平均,项目,项目17,完全虚构管理费用依据
P018,2026-09,CNY,元,0.19,正收入,客户,客户0118,完全虚构管理费用依据
P019,2026-09,CNY,元,0.2,权重,产品,产品19,完全虚构管理费用依据
P020,2026-09,CNY,元,0.21,平均,项目,项目20,完全虚构管理费用依据
P021,2026-09,CNY,元,0.22,正收入,客户,客户0121,完全虚构管理费用依据
P022,2026-09,CNY,元,-0.23,权重,产品,产品22,完全虚构管理费用依据
P023,2026-09,CNY,元,0.24,平均,项目,项目23,完全虚构管理费用依据
P024,2026-09,CNY,元,0.25,正收入,客户,客户0124,完全虚构管理费用依据
P025,2026-09,CNY,元,0.26,权重,产品,产品25,完全虚构管理费用依据
P026,2026-09,CNY,元,0.27,平均,项目,项目26,完全虚构管理费用依据
P027,2026-09,CNY,元,0.28,正收入,客户,客户0127,完全虚构管理费用依据
P028,2026-09,CNY,元,0.29,权重,产品,产品28,完全虚构管理费用依据
P029,2026-09,CNY,元,0.3,平均,项目,项目29,完全虚构管理费用依据
P030,2026-09,CNY,元,0.31,正收入,客户,客户0130,完全虚构管理费用依据
P031,2026-09,CNY,元,0.32,权重,产品,产品31,完全虚构管理费用依据
P032,2026-09,CNY,元,0.33,平均,项目,项目32,完全虚构管理费用依据
P033,2026-09,CNY,元,-0.34,正收入,客户,客户0133,完全虚构管理费用依据
P034,2026-09,CNY,元,0.35,权重,产品,产品34,完全虚构管理费用依据
P035,2026-09,CNY,元,0.36,平均,项目,项目35,完全虚构管理费用依据
P036,2026-09,CNY,元,0.37,正收入,客户,客户0136,完全虚构管理费用依据
P037,2026-09,CNY,元,0.38,权重,产品,产品37,完全虚构管理费用依据
P038,2026-09,CNY,元,0.39,平均,项目,项目38,完全虚构管理费用依据
P039,2026-09,CNY,元,0.4,正收入,客户,客户0139,完全虚构管理费用依据
P040,2026-09,CNY,元,0.41,权重,产品,产品40,完全虚构管理费用依据
P041,2026-09,CNY,元,0.42,平均,项目,项目41,完全虚构管理费用依据
P042,2026-09,CNY,元,0.43,正收入,客户,客户0143,完全虚构管理费用依据
P043,2026-09,CNY,元,0.44,权重,产品,产品43,完全虚构管理费用依据
P044,2026-09,CNY,元,-0.45,平均,项目,项目44,完全虚构管理费用依据
P045,2026-09,CNY,元,0.46,正收入,客户,客户0145,完全虚构管理费用依据
P046,2026-09,CNY,元,0.47,权重,产品,产品46,完全虚构管理费用依据
P047,2026-09,CNY,元,0.48,平均,项目,项目47,完全虚构管理费用依据
P048,2026-09,CNY,元,0.49,正收入,客户,客户0148,完全虚构管理费用依据
P049,2026-09,CNY,元,0.5,权重,产品,产品49,完全虚构管理费用依据
P050,2026-09,CNY,元,0.51,平均,项目,项目50,完全虚构管理费用依据
P051,2026-09,CNY,元,0.52,正收入,客户,客户0151,完全虚构管理费用依据
P052,2026-09,CNY,元,0.53,权重,产品,产品52,完全虚构管理费用依据
P053,2026-09,CNY,元,0.54,平均,项目,项目53,完全虚构管理费用依据
P054,2026-09,CNY,元,0.55,正收入,客户,客户0154,完全虚构管理费用依据
P055,2026-09,CNY,元,-0.56,权重,产品,产品55,完全虚构管理费用依据
P056,2026-09,CNY,元,0.57,平均,项目,项目56,完全虚构管理费用依据
P057,2026-09,CNY,元,0.58,正收入,客户,客户0157,完全虚构管理费用依据
P058,2026-09,CNY,元,0.59,权重,产品,产品58,完全虚构管理费用依据
P059,2026-09,CNY,元,0.6,平均,项目,项目59,完全虚构管理费用依据
P060,2026-10,CNY,元,0.61,正收入,全部,*,完全虚构管理费用依据
P061,2026-10,CNY,元,0.62,权重,全部,*,完全虚构管理费用依据
P062,2026-10,CNY,元,0.63,平均,全部,*,完全虚构管理费用依据
P063,2026-10,CNY,元,0.64,正收入,全部,*,完全虚构管理费用依据
