记录ID,期间,币种,单位,客户,产品,项目,收入,直接成本,成本依据,直接费用,费用依据,分摊权重
B0000,2026-09,CNY,元,同名客户,产品00,项目00,-1.23,-0.5,虚构成本凭据,-0.02,虚构费用凭据,0
B0001,2026-09,CNY,元,同名客户,产品01,项目01,10.01,0.01,虚构成本凭据,0.01,虚构费用凭据,2
B0002,2026-09,CNY,元,同名客户,产品02,项目02,10.02,0.02,虚构成本凭据,0.02,虚构费用凭据,3
B0003,2026-09,CNY,元,同名客户,产品03,项目03,10.03,0.03,虚构成本凭据,0.03,虚构费用凭据,4
B0004,2026-09,CNY,元,客户0004,产品04,项目04,10.04,0.04,虚构成本凭据,0.04,虚构费用凭据,5
B0005,2026-09,CNY,元,客户0005,产品05,项目05,10.05,0.05,虚构成本凭据,0.05,虚构费用凭据,1
B0006,2026-09,CNY,元,客户0006,产品06,项目06,10.06,0.06,虚构成本凭据,0.06,虚构费用凭据,2
B0007,2026-09,CNY,元,客户0007,产品07,项目07,10.07,0.07,虚构成本凭据,0,虚构费用凭据,3
B0008,2026-09,CNY,元,客户0008,产品08,项目08,10.08,0.08,虚构成本凭据,0.01,虚构费用凭据,4
B0009,2026-09,CNY,元,客户0009,产品09,项目09,10.09,0.09,虚构成本凭据,0.02,虚构费用凭据,5
B0010,2026-09,CNY,元,客户0010,产品10,项目10,10.1,0.1,虚构成本凭据,0.03,虚构费用凭据,1
B0011,2026-09,CNY,元,客户0011,产品11,项目11,10.11,0.11,虚构成本凭据,0.04,虚构费用凭据,2
B0012,2026-09,CNY,元,客户0012,产品12,项目12,10.12,0.12,虚构成本凭据,0.05,虚构费用凭据,3
B0013,2026-09,CNY,元,客户0013,产品13,项目13,10.13,0.13,虚构成本凭据,0.06,虚构费用凭据,4
B0014,2026-09,CNY,元,客户0014,产品14,项目14,10.14,0.14,虚构成本凭据,0,虚构费用凭据,5
B0015,2026-09,CNY,元,客户0015,产品15,项目15,10.15,0.15,虚构成本凭据,0.01,虚构费用凭据,1
B0016,2026-09,CNY,元,客户0016,产品16,项目16,10.16,0.16,虚构成本凭据,0.02,虚构费用凭据,2
B0017,2026-09,CNY,元,客户0017,产品17,项目17,10.17,0.17,虚构成本凭据,0.03,虚构费用凭据,3
B0018,2026-09,CNY,元,客户0018,产品18,项目18,10.18,0.18,虚构成本凭据,0.04,虚构费用凭据,4
B0019,2026-09,CNY,元,客户0019,产品19,项目19,10.19,0.19,虚构成本凭据,0.05,虚构费用凭据,5
B0020,2026-09,CNY,元,客户0020,产品20,项目20,10.2,0.2,虚构成本凭据,0.06,虚构费用凭据,1
B0021,2026-09,CNY,元,客户0021,产品21,项目21,10.21,0.21,虚构成本凭据,0,虚构费用凭据,2
B0022,2026-09,CNY,元,客户0022,产品22,项目22,10.22,0.22,虚构成本凭据,0.01,虚构费用凭据,3
B0023,2026-09,CNY,元,客户0023,产品23,项目23,10.23,0,虚构成本凭据,0.02,虚构费用凭据,4
B0024,2026-09,CNY,元,客户0024,产品24,项目24,10.24,0.01,虚构成本凭据,0.03,虚构费用凭据,5
B0025,2026-09,CNY,元,客户0025,产品25,项目25,10.25,0.02,虚构成本凭据,0.04,虚构费用凭据,1
B0026,2026-09,CNY,元,客户0026,产品26,项目26,10.26,0.03,虚构成本凭据,0.05,虚构费用凭据,2
B0027,2026-09,CNY,元,客户0027,产品27,项目27,10.27,,,0.06,虚构费用凭据,3
B0028,2026-09,CNY,元,客户0028,产品28,项目28,10.28,0.05,虚构成本凭据,0,虚构费用凭据,4
B0029,2026-09,CNY,元,客户0029,产品29,项目29,10.29,0.06,虚构成本凭据,0.01,虚构费用凭据,5
B0030,2026-09,CNY,元,客户0030,产品30,项目30,10.3,0.07,虚构成本凭据,0.02,虚构费用凭据,1
B0031,2026-09,CNY,元,客户0031,产品31,项目31,10.31,0.08,虚构成本凭据,0.03,虚构费用凭据,2
B0032,2026-09,CNY,元,客户0032,产品32,项目32,10.32,0.09,虚构成本凭据,0.04,虚构费用凭据,3
B0033,2026-09,CNY,元,客户0033,产品33,项目33,10.33,0.1,虚构成本凭据,0.05,虚构费用凭据,4
B0034,2026-09,CNY,元,客户0034,产品34,项目34,10.34,0.11,虚构成本凭据,0.06,虚构费用凭据,5
B0035,2026-09,CNY,元,客户0035,产品35,项目35,10.35,0.12,虚构成本凭据,0,虚构费用凭据,1
B0036,2026-09,CNY,元,客户0036,产品36,项目36,10.36,0.13,虚构成本凭据,0.01,虚构费用凭据,2
B0037,2026-09,CNY,元,客户0037,产品37,项目37,10,0.14,虚构成本凭据,0.02,虚构费用凭据,3
B0038,2026-09,CNY,元,客户0038,产品38,项目38,10.01,0.15,虚构成本凭据,0.03,虚构费用凭据,4
B0039,2026-09,CNY,元,客户0039,产品39,项目39,10.02,0.16,虚构成本凭据,0.04,虚构费用凭据,5
B0040,2026-09,CNY,元,客户0040,产品40,项目40,10.03,0.17,虚构成本凭据,0.05,虚构费用凭据,1
B0041,2026-09,CNY,元,客户0041,产品41,项目41,10.04,0.18,虚构成本凭据,0.06,虚构费用凭据,2
B0042,2026-09,CNY,元,客户0042,产品42,项目42,10.05,0.19,虚构成本凭据,0,虚构费用凭据,3
B0043,2026-09,CNY,元,客户0043,产品43,项目43,10.06,0.2,虚构成本凭据,0.01,虚构费用凭据,4
B0044,2026-09,CNY,元,客户0044,产品44,项目44,10.07,0.21,虚构成本凭据,0.02,虚构费用凭据,5
B0045,2026-09,CNY,元,客户0045,产品45,项目45,10.08,0.22,虚构成本凭据,0.03,虚构费用凭据,1
B0046,2026-09,CNY,元,客户0046,产品46,项目46,10.09,0,虚构成本凭据,0.04,虚构费用凭据,2
B0047,2026-09,CNY,元,客户0047,产品47,项目47,10.1,0.01,虚构成本凭据,0.05,虚构费用凭据,3
B0048,2026-09,CNY,元,客户0048,产品48,项目48,10.11,0.02,虚构成本凭据,0.06,虚构费用凭据,4
B0049,2026-09,CNY,元,客户0049,产品49,项目49,10.12,0.03,虚构成本凭据,0,虚构费用凭据,5
B0050,2026-09,CNY,元,客户0050,产品50,项目50,10.13,0.04,虚构成本凭据,0.01,虚构费用凭据,1
B0051,2026-09,CNY,元,客户0051,产品51,项目51,10.14,0.05,虚构成本凭据,0.02,虚构费用凭据,2
B0052,2026-09,CNY,元,客户0052,产品52,项目52,10.15,0.06,虚构成本凭据,0.03,虚构费用凭据,3
B0053,2026-09,CNY,元,客户0053,产品53,项目53,10.16,0.07,虚构成本凭据,0.04,虚构费用凭据,4
B0054,2026-09,CNY,元,客户0054,产品54,项目54,10.17,0.08,虚构成本凭据,0.05,虚构费用凭据,5
B0055,2026-09,CNY,元,客户0055,产品55,项目55,10.18,0.09,虚构成本凭据,0.06,虚构费用凭据,1
B0056,2026-09,CNY,元,客户0056,产品56,项目56,10.19,0.1,虚构成本凭据,0,虚构费用凭据,2
B0057,2026-09,CNY,元,客户0057,产品57,项目57,10.2,0.11,虚构成本凭据,0.01,虚构费用凭据,3
B0058,2026-09,CNY,元,客户0058,产品58,项目58,10.21,0.12,虚构成本凭据,0.02,虚构费用凭据,4
B0059,2026-09,CNY,元,客户0059,产品59,项目59,10.22,0.13,虚构成本凭据,0.03,虚构费用凭据,5
B0060,2026-09,CNY,元,客户0060,产品60,项目60,10.23,0.14,虚构成本凭据,0.04,虚构费用凭据,1
B0061,2026-09,CNY,元,客户0061,产品61,项目61,10.24,0.15,虚构成本凭据,0.05,虚构费用凭据,2
B0062,2026-09,CNY,元,客户0062,产品62,项目62,10.25,0.16,虚构成本凭据,0.06,虚构费用凭据,3
B0063,2026-09,CNY,元,客户0063,产品63,项目63,10.26,0.17,虚构成本凭据,0,虚构费用凭据,4
B0064,2026-09,CNY,元,客户0064,产品64,项目64,10.27,0.18,虚构成本凭据,0.01,虚构费用凭据,5
B0065,2026-09,CNY,元,客户0065,产品65,项目65,10.28,0.19,虚构成本凭据,0.02,虚构费用凭据,1
B0066,2026-09,CNY,元,客户0066,产品66,项目66,10.29,0.2,虚构成本凭据,0.03,虚构费用凭据,2
B0067,2026-09,CNY,元,客户0067,产品67,项目67,0,0.21,虚构成本凭据,0.04,虚构费用凭据,0
B0068,2026-09,CNY,元,客户0068,产品68,项目68,10.31,0.22,虚构成本凭据,0.05,虚构费用凭据,4
B0069,2026-09,CNY,元,客户0069,产品69,项目69,10.32,0,虚构成本凭据,0.06,虚构费用凭据,5
B0070,2026-09,CNY,元,客户0070,产品00,项目70,10.33,0.01,虚构成本凭据,0,虚构费用凭据,1
B0071,2026-09,CNY,元,客户0071,产品01,项目71,-1.23,-0.5,虚构成本凭据,-0.02,虚构费用凭据,2
B0072,2026-09,CNY,元,客户0072,产品02,项目72,10.35,0.03,虚构成本凭据,0.02,虚构费用凭据,3
B0073,2026-09,CNY,元,客户0073,产品03,项目73,10.36,0.04,虚构成本凭据,0.03,虚构费用凭据,4
B0074,2026-09,CNY,元,客户0074,产品04,项目74,10,0.05,虚构成本凭据,0.04,虚构费用凭据,5
B0075,2026-09,CNY,元,客户0075,产品05,项目75,10.01,0.06,虚构成本凭据,0.05,虚构费用凭据,1
B0076,2026-09,CNY,元,客户0076,产品06,项目76,10.02,0.07,虚构成本凭据,0.06,虚构费用凭据,2
B0077,2026-09,CNY,元,客户0077,产品07,项目77,10.03,0.08,虚构成本凭据,0,虚构费用凭据,3
B0078,2026-09,CNY,元,客户0078,产品08,项目78,10.04,0.09,虚构成本凭据,0.01,虚构费用凭据,4
B0079,2026-09,CNY,元,客户0079,产品09,项目79,10.05,0.1,虚构成本凭据,0.02,虚构费用凭据,5
B0080,2026-09,CNY,元,客户0080,产品10,项目80,10.06,0.11,虚构成本凭据,0.03,虚构费用凭据,1
B0081,2026-09,CNY,元,客户0081,产品11,项目81,10.07,0.12,虚构成本凭据,0.04,虚构费用凭据,2
B0082,2026-09,CNY,元,客户0082,产品12,项目82,10.08,0.13,虚构成本凭据,0.05,虚构费用凭据,3
B0083,2026-09,CNY,元,客户0083,产品13,项目83,10.09,0.14,虚构成本凭据,0.06,虚构费用凭据,4
B0084,2026-09,CNY,元,客户0084,产品14,项目84,10.1,0.15,虚构成本凭据,0,虚构费用凭据,5
B0085,2026-09,CNY,元,客户0085,产品15,项目85,10.11,0.16,虚构成本凭据,0.01,虚构费用凭据,1
B0086,2026-09,CNY,元,客户0086,产品16,项目86,10.12,0.17,虚构成本凭据,0.02,虚构费用凭据,2
B0087,2026-09,CNY,元,客户0087,产品17,项目87,10.13,0.18,虚构成本凭据,0.03,虚构费用凭据,3
B0088,2026-09,CNY,元,客户0088,产品18,项目88,10.14,0.19,虚构成本凭据,0.04,虚构费用凭据,4
B0089,2026-09,CNY,元,客户0089,产品19,项目89,10.15,0.2,虚构成本凭据,0.05,虚构费用凭据,5
B0090,2026-09,CNY,元,客户0090,产品20,项目00,10.16,0.21,虚构成本凭据,0.06,虚构费用凭据,1
B0091,2026-09,CNY,元,客户0091,产品21,项目01,10.17,0.22,虚构成本凭据,,虚构费用凭据,2
B0092,2026-09,CNY,元,客户0092,产品22,项目02,10.18,0,虚构成本凭据,0.01,虚构费用凭据,3
B0093,2026-09,CNY,元,客户0093,产品23,项目03,10.19,0.01,虚构成本凭据,0.02,虚构费用凭据,4
B0094,2026-09,CNY,元,客户0094,产品24,项目04,10.2,0.02,虚构成本凭据,0.03,虚构费用凭据,5
B0095,2026-09,CNY,元,客户0095,产品25,项目05,10.21,0.03,虚构成本凭据,0.04,虚构费用凭据,1
B0096,2026-09,CNY,元,客户0096,产品26,项目06,10.22,0.04,虚构成本凭据,0.05,虚构费用凭据,2
B0097,2026-09,CNY,元,客户0097,产品27,项目07,10.23,0.05,虚构成本凭据,0.06,虚构费用凭据,3
B0098,2026-09,CNY,元,客户0098,产品28,项目08,10.24,0.06,虚构成本凭据,0,虚构费用凭据,4
B0099,2026-09,CNY,元,客户0099,产品29,项目09,10.25,0.07,虚构成本凭据,0.01,虚构费用凭据,5
B0100,2026-09,CNY,元,客户0100,产品30,项目10,10.26,0.08,虚构成本凭据,0.02,虚构费用凭据,1
B0101,2026-09,CNY,元,客户0101,产品31,项目11,10.27,0.09,虚构成本凭据,0.03,虚构费用凭据,2
B0102,2026-09,CNY,元,客户0102,产品32,项目12,10.28,0.1,虚构成本凭据,0.04,虚构费用凭据,3
B0103,2026-09,CNY,元,客户0103,产品33,项目13,10.29,0.11,虚构成本凭据,0.05,虚构费用凭据,4
B0104,2026-09,CNY,元,客户0104,产品34,项目14,10.3,0.12,虚构成本凭据,0.06,虚构费用凭据,5
B0105,2026-09,CNY,元,客户0105,产品35,项目15,10.31,0.13,虚构成本凭据,0,虚构费用凭据,1
B0106,2026-09,CNY,元,客户0106,产品36,项目16,10.32,0.14,虚构成本凭据,0.01,虚构费用凭据,2
B0107,2026-09,CNY,元,客户0107,产品37,项目17,10.33,0.15,虚构成本凭据,0.02,虚构费用凭据,3
B0108,2026-09,CNY,元,客户0108,产品38,项目18,10.34,0.16,虚构成本凭据,0.03,虚构费用凭据,4
B0109,2026-09,CNY,元,客户0109,产品39,项目19,10.35,0.17,虚构成本凭据,0.04,虚构费用凭据,5
B0110,2026-09,CNY,元,客户0110,产品40,项目20,10.36,0.18,虚构成本凭据,0.05,虚构费用凭据,1
B0111,2026-09,CNY,元,客户0111,产品41,项目21,10,0.19,虚构成本凭据,0.06,虚构费用凭据,2
B0112,2026-09,CNY,元,客户0112,产品42,项目22,10.01,0.2,虚构成本凭据,0,虚构费用凭据,3
B0113,2026-09,CNY,元,客户0113,产品43,项目23,10.02,0.21,虚构成本凭据,0.01,虚构费用凭据,4
B0114,2026-09,CNY,元,客户0114,产品44,项目24,10.03,0.22,虚构成本凭据,0.02,虚构费用凭据,5
B0115,2026-09,CNY,元,客户0115,产品45,项目25,10.04,0,虚构成本凭据,0.03,虚构费用凭据,1
B0116,2026-09,CNY,元,客户0116,产品46,项目26,10.05,0.01,虚构成本凭据,0.04,虚构费用凭据,2
B0117,2026-09,CNY,元,客户0117,产品47,项目27,10.06,0.02,虚构成本凭据,0.05,虚构费用凭据,3
B0118,2026-09,CNY,元,客户0118,产品48,项目28,10.07,0.03,虚构成本凭据,0.06,虚构费用凭据,4
B0119,2026-09,CNY,元,客户0119,产品49,项目29,10.08,0.04,虚构成本凭据,0,虚构费用凭据,5
B0120,2026-09,CNY,元,客户0120,产品50,项目30,10.09,0.05,虚构成本凭据,0.01,虚构费用凭据,1
B0121,2026-09,CNY,元,客户0121,产品51,项目31,10.1,0.06,虚构成本凭据,0.02,虚构费用凭据,2
B0122,2026-09,CNY,元,客户0122,产品52,项目32,10.11,0.07,虚构成本凭据,0.03,虚构费用凭据,3
B0123,2026-09,CNY,元,客户0123,产品53,项目33,10.12,0.08,虚构成本凭据,0.04,虚构费用凭据,4
B0124,2026-09,CNY,元,客户0124,产品54,项目34,10.13,0.09,虚构成本凭据,0.05,虚构费用凭据,5
B0125,2026-09,CNY,元,客户0125,产品55,项目35,10.14,0.1,虚构成本凭据,0.06,虚构费用凭据,1
B0126,2026-09,CNY,元,客户0126,产品56,项目36,10.15,0.11,虚构成本凭据,0,虚构费用凭据,2
B0127,2026-09,CNY,元,客户0127,产品57,项目37,10.16,0.12,虚构成本凭据,0.01,虚构费用凭据,3
B0128,2026-09,CNY,元,客户0128,产品58,项目38,10.17,0.13,虚构成本凭据,0.02,虚构费用凭据,4
B0129,2026-09,CNY,元,客户0129,产品59,项目39,10.18,0.14,虚构成本凭据,0.03,虚构费用凭据,5
B0130,2026-09,CNY,元,客户0130,产品60,项目40,10.19,0.15,虚构成本凭据,0.04,虚构费用凭据,1
B0131,2026-09,CNY,元,客户0131,产品61,项目41,10.2,0.16,虚构成本凭据,0.05,虚构费用凭据,2
B0132,2026-09,CNY,元,客户0132,产品62,项目42,10.21,0.17,虚构成本凭据,0.06,虚构费用凭据,3
B0133,2026-09,CNY,元,客户0133,产品63,项目43,10.22,0.18,虚构成本凭据,0,虚构费用凭据,4
B0134,2026-09,CNY,元,客户0134,产品64,项目44,0,0.19,虚构成本凭据,0.01,虚构费用凭据,0
B0135,2026-09,CNY,元,客户0135,产品65,项目45,10.24,0.2,虚构成本凭据,0.02,虚构费用凭据,1
B0136,2026-09,CNY,元,客户0136,产品66,项目46,10.25,0.21,虚构成本凭据,0.03,虚构费用凭据,2
B0137,2026-09,CNY,元,客户0137,产品67,项目47,10.26,0.22,虚构成本凭据,0.04,虚构费用凭据,3
B0138,2026-09,CNY,元,客户0138,产品68,项目48,10.27,0,虚构成本凭据,0.05,虚构费用凭据,4
B0139,2026-09,CNY,元,客户0139,产品69,项目49,10.28,0.01,虚构成本凭据,0.06,虚构费用凭据,5
B0140,2026-09,CNY,元,客户0140,产品00,项目50,10.29,0.02,虚构成本凭据,0,虚构费用凭据,1
B0141,2026-09,CNY,元,客户0141,产品01,项目51,10.3,0.03,虚构成本凭据,0.01,虚构费用凭据,2
B0142,2026-09,CNY,元,客户0142,产品02,项目52,-1.23,-0.5,虚构成本凭据,-0.02,虚构费用凭据,3
B0143,2026-09,CNY,元,客户0143,产品03,项目53,10.32,0.05,虚构成本凭据,0.03,虚构费用凭据,4
B0144,2026-09,CNY,元,客户0144,产品04,项目54,10.33,0.06,虚构成本凭据,0.04,虚构费用凭据,5
B0145,2026-09,CNY,元,客户0145,产品05,项目55,10.34,0.07,虚构成本凭据,0.05,虚构费用凭据,1
B0146,2026-09,CNY,元,客户0146,产品06,项目56,10.35,0.08,虚构成本凭据,0.06,虚构费用凭据,2
B0147,2026-09,CNY,元,客户0147,产品07,项目57,10.36,0.09,虚构成本凭据,0,虚构费用凭据,3
B0148,2026-09,CNY,元,客户0148,产品08,项目58,10,0.1,虚构成本凭据,0.01,虚构费用凭据,4
B0149,2026-09,CNY,元,客户0149,产品09,项目59,10.01,0.11,虚构成本凭据,0.02,虚构费用凭据,5
B0150,2026-09,CNY,元,客户0150,产品10,项目60,10.02,0.12,虚构成本凭据,0.03,虚构费用凭据,1
B0151,2026-09,CNY,元,客户0151,产品11,项目61,10.03,0.13,虚构成本凭据,0.04,虚构费用凭据,2
B0152,2026-09,CNY,元,客户0152,产品12,项目62,10.04,0.14,虚构成本凭据,0.05,虚构费用凭据,3
B0153,2026-09,CNY,元,客户0153,产品13,项目63,10.05,0.15,虚构成本凭据,0.06,虚构费用凭据,4
B0154,2026-09,CNY,元,客户0154,产品14,项目64,10.06,0.16,虚构成本凭据,0,虚构费用凭据,5
B0155,2026-09,CNY,元,客户0155,产品15,项目65,10.07,0.17,虚构成本凭据,0.01,虚构费用凭据,1
B0156,2026-09,CNY,元,客户0156,产品16,项目66,10.08,0.18,虚构成本凭据,0.02,虚构费用凭据,2
B0157,2026-09,CNY,元,客户0157,产品17,项目67,10.09,0.19,虚构成本凭据,0.03,虚构费用凭据,3
B0158,2026-09,CNY,元,客户0158,产品18,项目68,10.1,0.2,虚构成本凭据,0.04,虚构费用凭据,4
B0159,2026-09,CNY,元,客户0159,产品19,项目69,10.11,0.21,虚构成本凭据,0.05,虚构费用凭据,5
B0160,2026-09,CNY,元,客户0160,产品20,项目70,10.12,0.22,虚构成本凭据,0.06,虚构费用凭据,1
B0161,2026-09,CNY,元,客户0161,产品21,项目71,10.13,0,虚构成本凭据,0,虚构费用凭据,2
B0162,2026-09,CNY,元,客户0162,产品22,项目72,10.14,0.01,虚构成本凭据,0.01,虚构费用凭据,3
B0163,2026-09,CNY,元,客户0163,产品23,项目73,10.15,0.02,虚构成本凭据,0.02,虚构费用凭据,4
B0164,2026-09,CNY,元,客户0164,产品24,项目74,10.16,0.03,虚构成本凭据,0.03,虚构费用凭据,5
B0165,2026-09,CNY,元,客户0165,产品25,项目75,10.17,0.04,虚构成本凭据,0.04,虚构费用凭据,1
B0166,2026-09,CNY,元,客户0166,产品26,项目76,10.18,0.05,虚构成本凭据,0.05,虚构费用凭据,2
B0167,2026-09,CNY,元,客户0167,产品27,项目77,10.19,0.06,虚构成本凭据,0.06,虚构费用凭据,3
B0168,2026-09,CNY,元,客户0168,产品28,项目78,10.2,0.07,虚构成本凭据,0,虚构费用凭据,4
B0169,2026-09,CNY,元,客户0169,产品29,项目79,10.21,0.08,虚构成本凭据,0.01,虚构费用凭据,5
B0170,2026-09,CNY,元,客户0170,产品30,项目80,10.22,0.09,虚构成本凭据,0.02,虚构费用凭据,1
B0171,2026-09,CNY,元,客户0171,产品31,项目81,10.23,0.1,虚构成本凭据,0.03,虚构费用凭据,2
B0172,2026-09,CNY,元,客户0172,产品32,项目82,10.24,0.11,虚构成本凭据,0.04,虚构费用凭据,3
B0173,2026-09,CNY,元,客户0173,产品33,项目83,10.25,0.12,虚构成本凭据,0.05,虚构费用凭据,4
B0174,2026-09,CNY,元,客户0174,产品34,项目84,10.26,0.13,虚构成本凭据,0.06,虚构费用凭据,5
B0175,2026-09,CNY,元,客户0175,产品35,项目85,10.27,0.14,虚构成本凭据,0,虚构费用凭据,1
B0176,2026-09,CNY,元,客户0176,产品36,项目86,10.28,0.15,虚构成本凭据,0.01,虚构费用凭据,2
B0177,2026-09,CNY,元,客户0177,产品37,项目87,10.29,0.16,虚构成本凭据,0.02,虚构费用凭据,3
B0178,2026-09,CNY,元,客户0178,产品38,项目88,10.3,0.17,虚构成本凭据,0.03,虚构费用凭据,4
B0179,2026-09,CNY,元,客户0179,产品39,项目89,10.31,0.18,虚构成本凭据,0.04,虚构费用凭据,5
B0180,2026-09,CNY,元,客户0180,产品40,项目00,10.32,0.19,虚构成本凭据,0.05,虚构费用凭据,1
B0181,2026-09,CNY,元,客户0181,产品41,项目01,10.33,0.2,虚构成本凭据,0.06,虚构费用凭据,2
B0182,2026-09,CNY,元,客户0182,产品42,项目02,10.34,0.21,虚构成本凭据,0,虚构费用凭据,3
B0183,2026-09,CNY,元,客户0183,产品43,项目03,10.35,0.22,虚构成本凭据,0.01,虚构费用凭据,4
B0184,2026-09,CNY,元,客户0184,产品44,项目04,10.36,0,虚构成本凭据,0.02,虚构费用凭据,5
B0185,2026-09,CNY,元,客户0185,产品45,项目05,10,0.01,虚构成本凭据,0.03,虚构费用凭据,1
B0186,2026-09,CNY,元,客户0186,产品46,项目06,10.01,0.02,虚构成本凭据,0.04,虚构费用凭据,2
B0187,2026-09,CNY,元,客户0187,产品47,项目07,10.02,0.03,虚构成本凭据,0.05,虚构费用凭据,3
B0188,2026-09,CNY,元,客户0188,产品48,项目08,10.03,0.04,虚构成本凭据,0.06,虚构费用凭据,4
B0189,2026-09,CNY,元,客户0189,产品49,项目09,10.04,0.05,虚构成本凭据,0,虚构费用凭据,5
B0190,2026-09,CNY,元,客户0190,产品50,项目10,10.05,0.06,虚构成本凭据,0.01,虚构费用凭据,1
B0191,2026-09,CNY,元,客户0191,产品51,项目11,10.06,0.07,虚构成本凭据,0.02,虚构费用凭据,2
B0192,2026-09,CNY,元,客户0192,产品52,项目12,10.07,0.08,虚构成本凭据,0.03,虚构费用凭据,3
B0193,2026-09,CNY,元,客户0193,产品53,项目13,10.08,0.09,虚构成本凭据,0.04,虚构费用凭据,4
B0194,2026-09,CNY,元,客户0194,产品54,项目14,10.09,0.1,虚构成本凭据,0.05,虚构费用凭据,5
B0195,2026-09,CNY,元,客户0195,产品55,项目15,10.1,0.11,虚构成本凭据,0.06,虚构费用凭据,1
B0196,2026-09,CNY,元,客户0196,产品56,项目16,10.11,0.12,虚构成本凭据,0,虚构费用凭据,2
B0197,2026-09,CNY,元,客户0197,产品57,项目17,10.12,0.13,虚构成本凭据,0.01,虚构费用凭据,3
B0198,2026-09,CNY,元,客户0198,产品58,项目18,10.13,0.14,虚构成本凭据,0.02,虚构费用凭据,4
B0199,2026-09,CNY,元,客户0199,产品59,项目19,10.14,0.15,虚构成本凭据,0.03,虚构费用凭据,5
B0200,2026-09,CNY,元,客户0200,产品60,项目20,10.15,0.16,虚构成本凭据,0.04,虚构费用凭据,1
B0201,2026-09,CNY,元,客户0201,产品61,项目21,0,0.17,虚构成本凭据,0.05,虚构费用凭据,0
B0202,2026-09,CNY,元,客户0202,产品62,项目22,10.17,0.18,虚构成本凭据,0.06,虚构费用凭据,3
B0203,2026-09,CNY,元,客户0203,产品63,项目23,10.18,0.19,虚构成本凭据,0,虚构费用凭据,4
B0204,2026-09,CNY,元,客户0204,产品64,项目24,10.19,0.2,虚构成本凭据,0.01,虚构费用凭据,5
B0205,2026-09,CNY,元,客户0205,产品65,项目25,10.2,0.21,虚构成本凭据,0.02,虚构费用凭据,1
B0206,2026-09,CNY,元,客户0206,产品66,项目26,10.21,0.22,虚构成本凭据,0.03,虚构费用凭据,2
B0207,2026-09,CNY,元,客户0207,产品67,项目27,10.22,0,虚构成本凭据,0.04,虚构费用凭据,3
B0208,2026-09,CNY,元,客户0208,产品68,项目28,10.23,0.01,虚构成本凭据,0.05,虚构费用凭据,4
B0209,2026-09,CNY,元,客户0209,产品69,项目29,10.24,0.02,虚构成本凭据,0.06,虚构费用凭据,5
B0210,2026-09,CNY,元,客户0210,产品00,项目30,10.25,0.03,虚构成本凭据,0,虚构费用凭据,1
B0211,2026-09,CNY,元,客户0211,产品01,项目31,10.26,0.04,虚构成本凭据,0.01,虚构费用凭据,2
B0212,2026-09,CNY,元,客户0212,产品02,项目32,10.27,0.05,虚构成本凭据,0.02,虚构费用凭据,3
B0213,2026-09,CNY,元,客户0213,产品03,项目33,-1.23,-0.5,虚构成本凭据,-0.02,虚构费用凭据,4
B0214,2026-09,CNY,元,客户0214,产品04,项目34,10.29,0.07,虚构成本凭据,0.04,虚构费用凭据,5
B0215,2026-09,CNY,元,客户0215,产品05,项目35,10.3,0.08,虚构成本凭据,0.05,虚构费用凭据,1
B0216,2026-09,CNY,元,客户0216,产品06,项目36,10.31,0.09,虚构成本凭据,0.06,虚构费用凭据,2
B0217,2026-09,CNY,元,客户0217,产品07,项目37,10.32,0.1,虚构成本凭据,0,虚构费用凭据,3
B0218,2026-09,CNY,元,客户0218,产品08,项目38,10.33,0.11,虚构成本凭据,0.01,虚构费用凭据,4
B0219,2026-09,CNY,元,客户0219,产品09,项目39,10.34,0.12,虚构成本凭据,0.02,虚构费用凭据,5
B0220,2026-09,CNY,元,客户0220,产品10,项目40,10.35,0.13,虚构成本凭据,0.03,虚构费用凭据,1
B0221,2026-09,CNY,元,客户0221,产品11,项目41,10.36,0.14,虚构成本凭据,0.04,虚构费用凭据,2
B0222,2026-09,CNY,元,客户0222,产品12,项目42,10,0.15,虚构成本凭据,0.05,虚构费用凭据,3
B0223,2026-09,CNY,元,客户0223,产品13,项目43,10.01,0.16,虚构成本凭据,0.06,虚构费用凭据,4
B0224,2026-09,CNY,元,客户0224,产品14,项目44,10.02,0.17,虚构成本凭据,0,虚构费用凭据,5
B0225,2026-09,CNY,元,客户0225,产品15,项目45,10.03,0.18,虚构成本凭据,0.01,虚构费用凭据,1
B0226,2026-09,CNY,元,客户0226,产品16,项目46,10.04,0.19,虚构成本凭据,0.02,虚构费用凭据,2
B0227,2026-09,CNY,元,客户0227,产品17,项目47,10.05,0.2,虚构成本凭据,0.03,虚构费用凭据,3
B0228,2026-09,CNY,元,客户0228,产品18,项目48,10.06,0.21,虚构成本凭据,0.04,虚构费用凭据,4
B0229,2026-09,CNY,元,客户0229,产品19,项目49,10.07,0.22,虚构成本凭据,0.05,虚构费用凭据,5
B0230,2026-09,CNY,元,客户0230,产品20,项目50,10.08,0,虚构成本凭据,0.06,虚构费用凭据,1
B0231,2026-09,CNY,元,客户0231,产品21,项目51,10.09,0.01,虚构成本凭据,0,虚构费用凭据,2
B0232,2026-09,CNY,元,客户0232,产品22,项目52,10.1,0.02,虚构成本凭据,0.01,虚构费用凭据,3
B0233,2026-09,CNY,元,客户0233,产品23,项目53,10.11,0.03,虚构成本凭据,0.02,虚构费用凭据,4
B0234,2026-09,CNY,元,客户0234,产品24,项目54,10.12,0.04,虚构成本凭据,0.03,虚构费用凭据,5
B0235,2026-09,CNY,元,客户0235,产品25,项目55,10.13,0.05,虚构成本凭据,0.04,虚构费用凭据,1
B0236,2026-09,CNY,元,客户0236,产品26,项目56,10.14,0.06,虚构成本凭据,0.05,虚构费用凭据,2
B0237,2026-09,CNY,元,客户0237,产品27,项目57,10.15,0.07,虚构成本凭据,0.06,虚构费用凭据,3
B0238,2026-09,CNY,元,客户0238,产品28,项目58,10.16,0.08,虚构成本凭据,0,虚构费用凭据,4
B0239,2026-09,CNY,元,客户0239,产品29,项目59,10.17,0.09,虚构成本凭据,0.01,虚构费用凭据,5
B0240,2026-09,CNY,元,客户0240,产品30,项目60,10.18,0.1,虚构成本凭据,0.02,虚构费用凭据,1
B0241,2026-09,CNY,元,客户0241,产品31,项目61,10.19,0.11,虚构成本凭据,0.03,虚构费用凭据,2
B0242,2026-09,CNY,元,客户0242,产品32,项目62,10.2,0.12,虚构成本凭据,0.04,虚构费用凭据,3
B0243,2026-09,CNY,元,客户0243,产品33,项目63,10.21,0.13,虚构成本凭据,0.05,虚构费用凭据,4
B0244,2026-09,CNY,元,客户0244,产品34,项目64,10.22,0.14,虚构成本凭据,0.06,虚构费用凭据,5
B0245,2026-09,CNY,元,客户0245,产品35,项目65,10.23,0.15,虚构成本凭据,0,虚构费用凭据,1
B0246,2026-09,CNY,元,客户0246,产品36,项目66,10.24,0.16,虚构成本凭据,0.01,虚构费用凭据,2
B0247,2026-09,CNY,元,客户0247,产品37,项目67,10.25,0.17,虚构成本凭据,0.02,虚构费用凭据,3
B0248,2026-09,CNY,元,客户0248,产品38,项目68,10.26,0.18,虚构成本凭据,0.03,虚构费用凭据,4
B0249,2026-09,CNY,元,客户0249,产品39,项目69,10.27,0.19,虚构成本凭据,0.04,虚构费用凭据,5
B0250,2026-09,CNY,元,客户0250,产品40,项目70,10.28,0.2,虚构成本凭据,0.05,虚构费用凭据,1
B0251,2026-09,CNY,元,客户0251,产品41,项目71,10.29,0.21,虚构成本凭据,0.06,虚构费用凭据,2
B0252,2026-09,CNY,元,客户0252,产品42,项目72,10.3,0.22,虚构成本凭据,0,虚构费用凭据,3
B0253,2026-09,CNY,元,客户0253,产品43,项目73,10.31,0,虚构成本凭据,0.01,虚构费用凭据,4
B0254,2026-09,CNY,元,客户0254,产品44,项目74,10.32,0.01,虚构成本凭据,0.02,虚构费用凭据,5
B0255,2026-09,CNY,元,客户0255,产品45,项目75,10.33,0.02,虚构成本凭据,0.03,虚构费用凭据,1
B0256,2026-09,CNY,元,客户0256,产品46,项目76,10.34,0.03,虚构成本凭据,0.04,虚构费用凭据,2
B0257,2026-09,CNY,元,客户0257,产品47,项目77,10.35,0.04,虚构成本凭据,0.05,虚构费用凭据,3
B0258,2026-09,CNY,元,客户0258,产品48,项目78,10.36,0.05,虚构成本凭据,0.06,虚构费用凭据,4
B0259,2026-09,CNY,元,客户0259,产品49,项目79,10,0.06,虚构成本凭据,0,虚构费用凭据,5
B0260,2026-09,CNY,元,客户0260,产品50,项目80,10.01,0.07,虚构成本凭据,0.01,虚构费用凭据,1
B0261,2026-09,CNY,元,客户0261,产品51,项目81,10.02,0.08,虚构成本凭据,0.02,虚构费用凭据,2
B0262,2026-09,CNY,元,客户0262,产品52,项目82,10.03,0.09,虚构成本凭据,0.03,虚构费用凭据,3
B0263,2026-09,CNY,元,客户0263,产品53,项目83,10.04,0.1,虚构成本凭据,0.04,虚构费用凭据,4
B0264,2026-09,CNY,元,客户0264,产品54,项目84,10.05,0.11,虚构成本凭据,0.05,虚构费用凭据,5
B0265,2026-09,CNY,元,客户0265,产品55,项目85,10.06,0.12,虚构成本凭据,0.06,虚构费用凭据,1
B0266,2026-09,CNY,元,客户0266,产品56,项目86,10.07,0.13,虚构成本凭据,0,虚构费用凭据,2
B0267,2026-09,CNY,元,客户0267,产品57,项目87,10.08,0.14,虚构成本凭据,0.01,虚构费用凭据,3
B0268,2026-09,CNY,元,客户0268,产品58,项目88,0,0.15,虚构成本凭据,0.02,虚构费用凭据,0
B0269,2026-09,CNY,元,客户0269,产品59,项目89,10.1,0.16,虚构成本凭据,0.03,虚构费用凭据,5
B0270,2026-09,CNY,元,客户0270,产品60,项目00,10.11,0.17,虚构成本凭据,0.04,虚构费用凭据,1
B0271,2026-09,CNY,元,客户0271,产品61,项目01,10.12,0.18,虚构成本凭据,0.05,虚构费用凭据,2
B0272,2026-09,CNY,元,客户0272,产品62,项目02,10.13,0.19,虚构成本凭据,0.06,虚构费用凭据,3
B0273,2026-09,CNY,元,客户0273,产品63,项目03,10.14,0.2,虚构成本凭据,0,虚构费用凭据,4
B0274,2026-09,CNY,元,客户0274,产品64,项目04,10.15,0.21,虚构成本凭据,0.01,虚构费用凭据,5
B0275,2026-09,CNY,元,客户0275,产品65,项目05,10.16,0.22,虚构成本凭据,0.02,虚构费用凭据,1
B0276,2026-09,CNY,元,客户0276,产品66,项目06,10.17,0,虚构成本凭据,0.03,虚构费用凭据,2
B0277,2026-09,CNY,元,客户0277,产品67,项目07,10.18,0.01,虚构成本凭据,0.04,虚构费用凭据,3
B0278,2026-09,CNY,元,客户0278,产品68,项目08,10.19,0.02,虚构成本凭据,0.05,虚构费用凭据,4
B0279,2026-09,CNY,元,客户0279,产品69,项目09,10.2,0.03,虚构成本凭据,0.06,虚构费用凭据,5
B0280,2026-09,CNY,元,客户0280,产品00,项目10,10.21,0.04,虚构成本凭据,0,虚构费用凭据,1
B0281,2026-09,CNY,元,客户0281,产品01,项目11,10.22,0.05,虚构成本凭据,0.01,虚构费用凭据,2
B0282,2026-09,CNY,元,客户0282,产品02,项目12,10.23,0.06,虚构成本凭据,0.02,虚构费用凭据,3
B0283,2026-09,CNY,元,客户0283,产品03,项目13,10.24,0.07,虚构成本凭据,0.03,虚构费用凭据,4
B0284,2026-09,CNY,元,客户0284,产品04,项目14,-1.23,-0.5,虚构成本凭据,-0.02,虚构费用凭据,5
B0285,2026-09,CNY,元,客户0285,产品05,项目15,10.26,0.09,虚构成本凭据,0.05,虚构费用凭据,1
B0286,2026-09,CNY,元,客户0286,产品06,项目16,10.27,0.1,虚构成本凭据,0.06,虚构费用凭据,2
B0287,2026-09,CNY,元,客户0287,产品07,项目17,10.28,0.11,虚构成本凭据,0,虚构费用凭据,3
B0288,2026-09,CNY,元,客户0288,产品08,项目18,10.29,0.12,虚构成本凭据,0.01,虚构费用凭据,4
B0289,2026-09,CNY,元,客户0289,产品09,项目19,10.3,0.13,虚构成本凭据,0.02,虚构费用凭据,5
B0290,2026-09,CNY,元,客户0290,产品10,项目20,10.31,0.14,虚构成本凭据,0.03,虚构费用凭据,1
B0291,2026-09,CNY,元,客户0291,产品11,项目21,10.32,0.15,虚构成本凭据,0.04,虚构费用凭据,2
B0292,2026-09,CNY,元,客户0292,产品12,项目22,10.33,0.16,虚构成本凭据,0.05,虚构费用凭据,3
B0293,2026-09,CNY,元,客户0293,产品13,项目23,10.34,0.17,虚构成本凭据,0.06,虚构费用凭据,4
B0294,2026-09,CNY,元,客户0294,产品14,项目24,10.35,0.18,虚构成本凭据,0,虚构费用凭据,5
B0295,2026-09,CNY,元,客户0295,产品15,项目25,10.36,0.19,虚构成本凭据,0.01,虚构费用凭据,1
B0296,2026-09,CNY,元,客户0296,产品16,项目26,10,0.2,虚构成本凭据,0.02,虚构费用凭据,2
B0297,2026-09,CNY,元,客户0297,产品17,项目27,10.01,0.21,虚构成本凭据,0.03,虚构费用凭据,3
B0298,2026-09,CNY,元,客户0298,产品18,项目28,10.02,0.22,虚构成本凭据,0.04,虚构费用凭据,4
B0299,2026-09,CNY,元,客户0299,产品19,项目29,10.03,0,虚构成本凭据,0.05,虚构费用凭据,5
B0300,2026-09,CNY,元,客户0300,产品20,项目30,10.04,0.01,虚构成本凭据,0.06,虚构费用凭据,1
B0301,2026-09,CNY,元,客户0301,产品21,项目31,10.05,0.02,虚构成本凭据,0,虚构费用凭据,2
B0302,2026-09,CNY,元,客户0302,产品22,项目32,10.06,0.03,虚构成本凭据,0.01,虚构费用凭据,3
B0303,2026-09,CNY,元,客户0303,产品23,项目33,10.07,0.04,虚构成本凭据,0.02,虚构费用凭据,4
B0304,2026-09,CNY,元,客户0304,产品24,项目34,10.08,0.05,虚构成本凭据,0.03,虚构费用凭据,5
B0305,2026-09,CNY,元,客户0305,产品25,项目35,10.09,0.06,虚构成本凭据,0.04,虚构费用凭据,1
B0306,2026-09,CNY,元,客户0306,产品26,项目36,10.1,0.07,虚构成本凭据,0.05,虚构费用凭据,2
B0307,2026-09,CNY,元,客户0307,产品27,项目37,10.11,0.08,虚构成本凭据,0.06,虚构费用凭据,3
B0308,2026-09,CNY,元,客户0308,产品28,项目38,10.12,0.09,虚构成本凭据,0,虚构费用凭据,4
B0309,2026-09,CNY,元,客户0309,产品29,项目39,10.13,0.1,虚构成本凭据,0.01,虚构费用凭据,5
B0310,2026-09,CNY,元,客户0310,产品30,项目40,10.14,0.11,虚构成本凭据,0.02,虚构费用凭据,1
B0311,2026-09,CNY,元,客户0311,产品31,项目41,10.15,0.12,虚构成本凭据,0.03,虚构费用凭据,2
B0312,2026-09,CNY,元,客户0312,产品32,项目42,10.16,0.13,虚构成本凭据,0.04,虚构费用凭据,3
B0313,2026-09,CNY,元,客户0313,产品33,项目43,10.17,0.14,虚构成本凭据,0.05,虚构费用凭据,4
B0314,2026-09,CNY,元,客户0314,产品34,项目44,10.18,0.15,虚构成本凭据,0.06,虚构费用凭据,5
B0315,2026-09,CNY,元,客户0315,产品35,项目45,10.19,0.16,虚构成本凭据,0,虚构费用凭据,1
B0316,2026-09,CNY,元,客户0316,产品36,项目46,10.2,0.17,虚构成本凭据,0.01,虚构费用凭据,2
B0317,2026-09,CNY,元,客户0317,产品37,项目47,10.21,0.18,虚构成本凭据,0.02,虚构费用凭据,3
B0318,2026-09,CNY,元,客户0318,产品38,项目48,10.22,0.19,虚构成本凭据,0.03,虚构费用凭据,4
B0319,2026-09,CNY,元,客户0319,产品39,项目49,10.23,0.2,虚构成本凭据,0.04,虚构费用凭据,5
B0320,2026-09,CNY,元,客户0320,产品40,项目50,10.24,0.21,虚构成本凭据,0.05,虚构费用凭据,1
B0321,2026-09,CNY,元,客户0321,产品41,项目51,10.25,0.22,虚构成本凭据,0.06,虚构费用凭据,2
B0322,2026-09,CNY,元,客户0322,产品42,项目52,10.26,0,虚构成本凭据,0,虚构费用凭据,3
B0323,2026-09,CNY,元,客户0323,产品43,项目53,10.27,0.01,虚构成本凭据,0.01,虚构费用凭据,4
B0324,2026-09,CNY,元,客户0324,产品44,项目54,10.28,0.02,虚构成本凭据,0.02,虚构费用凭据,5
B0325,2026-09,CNY,元,客户0325,产品45,项目55,10.29,0.03,虚构成本凭据,0.03,虚构费用凭据,1
B0326,2026-09,CNY,元,客户0326,产品46,项目56,10.3,0.04,虚构成本凭据,0.04,虚构费用凭据,2
B0327,2026-09,CNY,元,客户0327,产品47,项目57,10.31,0.05,虚构成本凭据,0.05,虚构费用凭据,3
B0328,2026-09,CNY,元,客户0328,产品48,项目58,10.32,0.06,虚构成本凭据,0.06,虚构费用凭据,4
B0329,2026-09,CNY,元,客户0329,产品49,项目59,10.33,0.07,虚构成本凭据,0,虚构费用凭据,5
B0330,2026-09,CNY,元,客户0330,产品50,项目60,10.34,0.08,虚构成本凭据,0.01,虚构费用凭据,1
B0331,2026-09,CNY,元,客户0331,产品51,项目61,10.35,0.09,虚构成本凭据,0.02,虚构费用凭据,2
B0332,2026-09,CNY,元,客户0332,产品52,项目62,10.36,0.1,虚构成本凭据,0.03,虚构费用凭据,3
B0333,2026-09,CNY,元,客户0333,产品53,项目63,10,0.11,虚构成本凭据,0.04,虚构费用凭据,4
B0334,2026-09,CNY,元,客户0334,产品54,项目64,10.01,0.12,虚构成本凭据,0.05,虚构费用凭据,5
B0335,2026-09,CNY,元,客户0335,产品55,项目65,0,0.13,虚构成本凭据,0.06,虚构费用凭据,0
B0336,2026-09,CNY,元,客户0336,产品56,项目66,10.03,0.14,虚构成本凭据,0,虚构费用凭据,2
B0337,2026-09,CNY,元,客户0337,产品57,项目67,10.04,0.15,虚构成本凭据,0.01,虚构费用凭据,3
B0338,2026-09,CNY,元,客户0338,产品58,项目68,10.05,0.16,虚构成本凭据,0.02,虚构费用凭据,4
B0339,2026-09,CNY,元,客户0339,产品59,项目69,10.06,0.17,虚构成本凭据,0.03,虚构费用凭据,5
B0340,2026-09,CNY,元,客户0340,产品60,项目70,10.07,0.18,虚构成本凭据,0.04,虚构费用凭据,1
B0341,2026-09,CNY,元,客户0341,产品61,项目71,10.08,0.19,虚构成本凭据,0.05,虚构费用凭据,2
B0342,2026-09,CNY,元,客户0342,产品62,项目72,10.09,0.2,虚构成本凭据,0.06,虚构费用凭据,3
B0343,2026-09,CNY,元,客户0343,产品63,项目73,10.1,0.21,虚构成本凭据,0,虚构费用凭据,4
B0344,2026-09,CNY,元,客户0344,产品64,项目74,10.11,0.22,虚构成本凭据,0.01,虚构费用凭据,5
B0345,2026-09,CNY,元,客户0345,产品65,项目75,10.12,0,虚构成本凭据,0.02,虚构费用凭据,1
B0346,2026-09,CNY,元,客户0346,产品66,项目76,10.13,0.01,虚构成本凭据,0.03,虚构费用凭据,2
B0347,2026-09,CNY,元,客户0347,产品67,项目77,10.14,0.02,虚构成本凭据,0.04,虚构费用凭据,3
B0348,2026-09,CNY,元,客户0348,产品68,项目78,10.15,0.03,虚构成本凭据,0.05,虚构费用凭据,4
B0349,2026-09,CNY,元,客户0349,产品69,项目79,10.16,0.04,虚构成本凭据,0.06,虚构费用凭据,5
B0350,2026-09,CNY,元,客户0350,产品00,项目80,10.17,0.05,虚构成本凭据,0,虚构费用凭据,1
B0351,2026-09,CNY,元,客户0351,产品01,项目81,10.18,0.06,虚构成本凭据,0.01,虚构费用凭据,2
B0352,2026-09,CNY,元,客户0352,产品02,项目82,10.19,0.07,虚构成本凭据,0.02,虚构费用凭据,3
B0353,2026-09,CNY,元,客户0353,产品03,项目83,10.2,0.08,虚构成本凭据,0.03,虚构费用凭据,4
B0354,2026-09,CNY,元,客户0354,产品04,项目84,10.21,0.09,虚构成本凭据,0.04,虚构费用凭据,5
B0355,2026-09,CNY,元,客户0355,产品05,项目85,-1.23,-0.5,虚构成本凭据,-0.02,虚构费用凭据,1
B0356,2026-09,CNY,元,客户0356,产品06,项目86,10.23,0.11,虚构成本凭据,0.06,虚构费用凭据,2
B0357,2026-09,CNY,元,客户0357,产品07,项目87,10.24,0.12,虚构成本凭据,0,虚构费用凭据,3
B0358,2026-09,CNY,元,客户0358,产品08,项目88,10.25,0.13,虚构成本凭据,0.01,虚构费用凭据,4
B0359,2026-09,CNY,元,客户0359,产品09,项目89,10.26,0.14,虚构成本凭据,0.02,虚构费用凭据,5
B0360,2026-09,CNY,元,客户0360,产品10,项目00,10.27,0.15,虚构成本凭据,0.03,虚构费用凭据,1
B0361,2026-09,CNY,元,客户0361,产品11,项目01,10.28,0.16,虚构成本凭据,0.04,虚构费用凭据,2
B0362,2026-09,CNY,元,客户0362,产品12,项目02,10.29,0.17,虚构成本凭据,0.05,虚构费用凭据,3
B0363,2026-09,CNY,元,客户0363,产品13,项目03,10.3,0.18,虚构成本凭据,0.06,虚构费用凭据,4
B0364,2026-09,CNY,元,客户0364,产品14,项目04,10.31,0.19,虚构成本凭据,0,虚构费用凭据,5
B0365,2026-09,CNY,元,客户0365,产品15,项目05,10.32,0.2,虚构成本凭据,0.01,虚构费用凭据,1
B0366,2026-09,CNY,元,客户0366,产品16,项目06,10.33,0.21,虚构成本凭据,0.02,虚构费用凭据,2
B0367,2026-09,CNY,元,客户0367,产品17,项目07,10.34,0.22,虚构成本凭据,0.03,虚构费用凭据,3
B0368,2026-09,CNY,元,客户0368,产品18,项目08,10.35,0,虚构成本凭据,0.04,虚构费用凭据,4
B0369,2026-09,CNY,元,客户0369,产品19,项目09,10.36,0.01,虚构成本凭据,0.05,虚构费用凭据,5
B0370,2026-09,CNY,元,客户0370,产品20,项目10,10,0.02,虚构成本凭据,0.06,虚构费用凭据,1
B0371,2026-09,CNY,元,客户0371,产品21,项目11,10.01,0.03,虚构成本凭据,0,虚构费用凭据,2
B0372,2026-09,CNY,元,客户0372,产品22,项目12,10.02,0.04,虚构成本凭据,0.01,虚构费用凭据,3
B0373,2026-09,CNY,元,客户0373,产品23,项目13,10.03,0.05,虚构成本凭据,0.02,虚构费用凭据,4
B0374,2026-09,CNY,元,客户0374,产品24,项目14,10.04,0.06,虚构成本凭据,0.03,虚构费用凭据,5
B0375,2026-09,CNY,元,客户0375,产品25,项目15,10.05,0.07,虚构成本凭据,0.04,虚构费用凭据,1
B0376,2026-09,CNY,元,客户0376,产品26,项目16,10.06,0.08,虚构成本凭据,0.05,虚构费用凭据,2
B0377,2026-09,CNY,元,客户0377,产品27,项目17,10.07,0.09,虚构成本凭据,0.06,虚构费用凭据,3
B0378,2026-09,CNY,元,客户0378,产品28,项目18,10.08,0.1,虚构成本凭据,0,虚构费用凭据,4
B0379,2026-09,CNY,元,客户0379,产品29,项目19,10.09,0.11,虚构成本凭据,0.01,虚构费用凭据,5
B0380,2026-09,CNY,元,客户0380,产品30,项目20,10.1,0.12,虚构成本凭据,0.02,虚构费用凭据,1
B0381,2026-09,CNY,元,客户0381,产品31,项目21,10.11,0.13,虚构成本凭据,0.03,虚构费用凭据,2
B0382,2026-09,CNY,元,客户0382,产品32,项目22,10.12,0.14,虚构成本凭据,0.04,虚构费用凭据,3
B0383,2026-09,CNY,元,客户0383,产品33,项目23,10.13,0.15,虚构成本凭据,0.05,虚构费用凭据,4
B0384,2026-09,CNY,元,客户0384,产品34,项目24,10.14,0.16,虚构成本凭据,0.06,虚构费用凭据,5
B0385,2026-09,CNY,元,客户0385,产品35,项目25,10.15,0.17,虚构成本凭据,0,虚构费用凭据,1
B0386,2026-09,CNY,元,客户0386,产品36,项目26,10.16,0.18,虚构成本凭据,0.01,虚构费用凭据,2
B0387,2026-09,CNY,元,客户0387,产品37,项目27,10.17,0.19,虚构成本凭据,0.02,虚构费用凭据,3
B0388,2026-09,CNY,元,客户0388,产品38,项目28,10.18,0.2,虚构成本凭据,0.03,虚构费用凭据,4
B0389,2026-09,CNY,元,客户0389,产品39,项目29,10.19,0.21,虚构成本凭据,0.04,虚构费用凭据,5
B0390,2026-09,CNY,元,客户0390,产品40,项目30,10.2,0.22,虚构成本凭据,0.05,虚构费用凭据,1
B0391,2026-09,CNY,元,客户0391,产品41,项目31,10.21,0,虚构成本凭据,0.06,虚构费用凭据,2
B0392,2026-09,CNY,元,客户0392,产品42,项目32,10.22,0.01,虚构成本凭据,0,虚构费用凭据,3
B0393,2026-09,CNY,元,客户0393,产品43,项目33,10.23,0.02,虚构成本凭据,0.01,虚构费用凭据,4
B0394,2026-09,CNY,元,客户0394,产品44,项目34,10.24,0.03,虚构成本凭据,0.02,虚构费用凭据,5
B0395,2026-09,CNY,元,客户0395,产品45,项目35,10.25,0.04,虚构成本凭据,0.03,虚构费用凭据,1
B0396,2026-09,CNY,元,客户0396,产品46,项目36,10.26,0.05,虚构成本凭据,0.04,虚构费用凭据,2
B0397,2026-09,CNY,元,客户0397,产品47,项目37,10.27,0.06,虚构成本凭据,0.05,虚构费用凭据,3
B0398,2026-09,CNY,元,客户0398,产品48,项目38,10.28,0.07,虚构成本凭据,0.06,虚构费用凭据,4
B0399,2026-09,CNY,元,客户0399,产品49,项目39,10.29,0.08,虚构成本凭据,0,虚构费用凭据,5
B0400,2026-09,CNY,元,客户0400,产品50,项目40,10.3,0.09,虚构成本凭据,0.01,虚构费用凭据,1
B0401,2026-09,CNY,元,客户0401,产品51,项目41,10.31,0.1,虚构成本凭据,0.02,虚构费用凭据,2
B0402,2026-09,CNY,元,客户0402,产品52,项目42,0,0.11,虚构成本凭据,0.03,虚构费用凭据,0
B0403,2026-09,CNY,元,客户0403,产品53,项目43,10.33,0.12,虚构成本凭据,0.04,虚构费用凭据,4
B0404,2026-09,CNY,元,客户0404,产品54,项目44,10.34,0.13,虚构成本凭据,0.05,虚构费用凭据,5
B0405,2026-09,CNY,元,客户0405,产品55,项目45,10.35,0.14,虚构成本凭据,0.06,虚构费用凭据,1
B0406,2026-09,CNY,元,客户0406,产品56,项目46,10.36,0.15,虚构成本凭据,0,虚构费用凭据,2
B0407,2026-09,CNY,元,客户0407,产品57,项目47,10,0.16,虚构成本凭据,0.01,虚构费用凭据,3
B0408,2026-09,CNY,元,客户0408,产品58,项目48,10.01,0.17,虚构成本凭据,0.02,虚构费用凭据,4
B0409,2026-09,CNY,元,客户0409,产品59,项目49,10.02,0.18,虚构成本凭据,0.03,虚构费用凭据,5
B0410,2026-09,CNY,元,客户0410,产品60,项目50,10.03,0.19,虚构成本凭据,0.04,虚构费用凭据,1
B0411,2026-09,CNY,元,客户0411,产品61,项目51,10.04,0.2,虚构成本凭据,0.05,虚构费用凭据,2
B0412,2026-09,CNY,元,客户0412,产品62,项目52,10.05,0.21,虚构成本凭据,0.06,虚构费用凭据,3
B0413,2026-09,CNY,元,客户0413,产品63,项目53,10.06,0.22,虚构成本凭据,0,虚构费用凭据,4
B0414,2026-09,CNY,元,客户0414,产品64,项目54,10.07,0,虚构成本凭据,0.01,虚构费用凭据,5
B0415,2026-09,CNY,元,客户0415,产品65,项目55,10.08,0.01,虚构成本凭据,0.02,虚构费用凭据,1
B0416,2026-09,CNY,元,客户0416,产品66,项目56,10.09,0.02,虚构成本凭据,0.03,虚构费用凭据,2
B0417,2026-09,CNY,元,客户0417,产品67,项目57,10.1,0.03,虚构成本凭据,0.04,虚构费用凭据,3
B0418,2026-09,CNY,元,客户0418,产品68,项目58,10.11,0.04,虚构成本凭据,0.05,虚构费用凭据,4
B0419,2026-09,CNY,元,客户0419,产品69,项目59,10.12,0.05,虚构成本凭据,0.06,虚构费用凭据,5
B0420,2026-09,CNY,元,客户0420,产品00,项目60,10.13,0.06,虚构成本凭据,0,虚构费用凭据,1
B0421,2026-09,CNY,元,客户0421,产品01,项目61,10.14,0.07,虚构成本凭据,0.01,虚构费用凭据,2
B0422,2026-09,CNY,元,客户0422,产品02,项目62,10.15,0.08,虚构成本凭据,0.02,虚构费用凭据,3
B0423,2026-09,CNY,元,客户0423,产品03,项目63,10.16,0.09,虚构成本凭据,0.03,虚构费用凭据,4
B0424,2026-09,CNY,元,客户0424,产品04,项目64,10.17,0.1,虚构成本凭据,0.04,虚构费用凭据,5
B0425,2026-09,CNY,元,客户0425,产品05,项目65,10.18,0.11,虚构成本凭据,0.05,虚构费用凭据,1
B0426,2026-09,CNY,元,客户0426,产品06,项目66,-1.23,-0.5,虚构成本凭据,-0.02,虚构费用凭据,2
B0427,2026-09,CNY,元,客户0427,产品07,项目67,10.2,0.13,虚构成本凭据,0,虚构费用凭据,3
B0428,2026-09,CNY,元,客户0428,产品08,项目68,10.21,0.14,虚构成本凭据,0.01,虚构费用凭据,4
B0429,2026-09,CNY,元,客户0429,产品09,项目69,10.22,0.15,虚构成本凭据,0.02,虚构费用凭据,5
B0430,2026-09,CNY,元,客户0430,产品10,项目70,10.23,0.16,虚构成本凭据,0.03,虚构费用凭据,1
B0431,2026-09,CNY,元,客户0431,产品11,项目71,10.24,0.17,虚构成本凭据,0.04,虚构费用凭据,2
B0432,2026-09,CNY,元,客户0432,产品12,项目72,10.25,0.18,虚构成本凭据,0.05,虚构费用凭据,3
B0433,2026-09,CNY,元,客户0433,产品13,项目73,10.26,0.19,虚构成本凭据,0.06,虚构费用凭据,4
B0434,2026-09,CNY,元,客户0434,产品14,项目74,10.27,0.2,虚构成本凭据,0,虚构费用凭据,5
B0435,2026-09,CNY,元,客户0435,产品15,项目75,10.28,0.21,虚构成本凭据,0.01,虚构费用凭据,1
B0436,2026-09,CNY,元,客户0436,产品16,项目76,10.29,0.22,虚构成本凭据,0.02,虚构费用凭据,2
B0437,2026-09,CNY,元,客户0437,产品17,项目77,10.3,0,虚构成本凭据,0.03,虚构费用凭据,3
B0438,2026-09,CNY,元,客户0438,产品18,项目78,10.31,0.01,虚构成本凭据,0.04,虚构费用凭据,4
B0439,2026-09,CNY,元,客户0439,产品19,项目79,10.32,0.02,虚构成本凭据,0.05,虚构费用凭据,5
B0440,2026-09,CNY,元,客户0440,产品20,项目80,10.33,0.03,虚构成本凭据,0.06,虚构费用凭据,1
B0441,2026-09,CNY,元,客户0441,产品21,项目81,10.34,0.04,虚构成本凭据,0,虚构费用凭据,2
B0442,2026-09,CNY,元,客户0442,产品22,项目82,10.35,0.05,虚构成本凭据,0.01,虚构费用凭据,3
B0443,2026-09,CNY,元,客户0443,产品23,项目83,10.36,0.06,虚构成本凭据,0.02,虚构费用凭据,4
B0444,2026-09,CNY,元,客户0444,产品24,项目84,10,0.07,虚构成本凭据,0.03,虚构费用凭据,5
B0445,2026-09,CNY,元,客户0445,产品25,项目85,10.01,0.08,虚构成本凭据,0.04,虚构费用凭据,1
B0446,2026-09,CNY,元,客户0446,产品26,项目86,10.02,0.09,虚构成本凭据,0.05,虚构费用凭据,2
B0447,2026-09,CNY,元,客户0447,产品27,项目87,10.03,0.1,虚构成本凭据,0.06,虚构费用凭据,3
B0448,2026-09,CNY,元,客户0448,产品28,项目88,10.04,0.11,虚构成本凭据,0,虚构费用凭据,4
B0449,2026-09,CNY,元,客户0449,产品29,项目89,10.05,0.12,虚构成本凭据,0.01,虚构费用凭据,5
B0450,2026-09,CNY,元,客户0450,产品30,项目00,10.06,0.13,虚构成本凭据,0.02,虚构费用凭据,1
B0451,2026-09,CNY,元,客户0451,产品31,项目01,10.07,0.14,虚构成本凭据,0.03,虚构费用凭据,2
B0452,2026-09,CNY,元,客户0452,产品32,项目02,10.08,0.15,虚构成本凭据,0.04,虚构费用凭据,3
B0453,2026-09,CNY,元,客户0453,产品33,项目03,10.09,0.16,虚构成本凭据,0.05,虚构费用凭据,4
B0454,2026-09,CNY,元,客户0454,产品34,项目04,10.1,0.17,虚构成本凭据,0.06,虚构费用凭据,5
B0455,2026-09,CNY,元,客户0455,产品35,项目05,10.11,0.18,虚构成本凭据,0,虚构费用凭据,1
B0456,2026-09,CNY,元,客户0456,产品36,项目06,10.12,0.19,虚构成本凭据,0.01,虚构费用凭据,2
B0457,2026-09,CNY,元,客户0457,产品37,项目07,10.13,0.2,虚构成本凭据,0.02,虚构费用凭据,3
B0458,2026-09,CNY,元,客户0458,产品38,项目08,10.14,0.21,虚构成本凭据,0.03,虚构费用凭据,4
B0459,2026-09,CNY,元,客户0459,产品39,项目09,10.15,0.22,虚构成本凭据,0.04,虚构费用凭据,5
B0460,2026-09,CNY,元,客户0460,产品40,项目10,10.16,0,虚构成本凭据,0.05,虚构费用凭据,1
B0461,2026-09,CNY,元,客户0461,产品41,项目11,10.17,0.01,虚构成本凭据,0.06,虚构费用凭据,2
B0462,2026-09,CNY,元,客户0462,产品42,项目12,10.18,0.02,虚构成本凭据,0,虚构费用凭据,3
B0463,2026-09,CNY,元,客户0463,产品43,项目13,10.19,0.03,虚构成本凭据,0.01,虚构费用凭据,4
B0464,2026-09,CNY,元,客户0464,产品44,项目14,10.2,0.04,虚构成本凭据,0.02,虚构费用凭据,5
B0465,2026-09,CNY,元,客户0465,产品45,项目15,10.21,0.05,虚构成本凭据,0.03,虚构费用凭据,1
B0466,2026-09,CNY,元,客户0466,产品46,项目16,10.22,0.06,虚构成本凭据,0.04,虚构费用凭据,2
B0467,2026-09,CNY,元,客户0467,产品47,项目17,10.23,0.07,虚构成本凭据,0.05,虚构费用凭据,3
B0468,2026-09,CNY,元,客户0468,产品48,项目18,10.24,0.08,虚构成本凭据,0.06,虚构费用凭据,4
B0469,2026-09,CNY,元,客户0469,产品49,项目19,0,0.09,虚构成本凭据,0,虚构费用凭据,0
B0470,2026-09,CNY,元,客户0470,产品50,项目20,10.26,0.1,虚构成本凭据,0.01,虚构费用凭据,1
B0471,2026-09,CNY,元,客户0471,产品51,项目21,10.27,0.11,虚构成本凭据,0.02,虚构费用凭据,2
B0472,2026-09,CNY,元,客户0472,产品52,项目22,10.28,0.12,虚构成本凭据,0.03,虚构费用凭据,3
B0473,2026-09,CNY,元,客户0473,产品53,项目23,10.29,0.13,虚构成本凭据,0.04,虚构费用凭据,4
B0474,2026-09,CNY,元,客户0474,产品54,项目24,10.3,0.14,虚构成本凭据,0.05,虚构费用凭据,5
B0475,2026-09,CNY,元,客户0475,产品55,项目25,10.31,0.15,虚构成本凭据,0.06,虚构费用凭据,1
B0476,2026-09,CNY,元,客户0476,产品56,项目26,10.32,0.16,虚构成本凭据,0,虚构费用凭据,2
B0477,2026-09,CNY,元,客户0477,产品57,项目27,10.33,0.17,虚构成本凭据,0.01,虚构费用凭据,3
B0478,2026-09,CNY,元,客户0478,产品58,项目28,10.34,0.18,虚构成本凭据,0.02,虚构费用凭据,4
B0479,2026-09,CNY,元,客户0479,产品59,项目29,10.35,0.19,虚构成本凭据,0.03,虚构费用凭据,5
B0480,2026-09,CNY,元,客户0480,产品60,项目30,10.36,0.2,虚构成本凭据,0.04,虚构费用凭据,1
B0481,2026-09,CNY,元,客户0481,产品61,项目31,10,0.21,虚构成本凭据,0.05,虚构费用凭据,2
B0482,2026-09,CNY,元,客户0482,产品62,项目32,10.01,0.22,虚构成本凭据,0.06,虚构费用凭据,3
B0483,2026-09,CNY,元,客户0483,产品63,项目33,10.02,0,虚构成本凭据,0,虚构费用凭据,4
B0484,2026-09,CNY,元,客户0484,产品64,项目34,10.03,0.01,虚构成本凭据,0.01,虚构费用凭据,5
B0485,2026-09,CNY,元,客户0485,产品65,项目35,10.04,0.02,虚构成本凭据,0.02,虚构费用凭据,1
B0486,2026-09,CNY,元,客户0486,产品66,项目36,10.05,0.03,虚构成本凭据,0.03,虚构费用凭据,2
B0487,2026-09,CNY,元,客户0487,产品67,项目37,10.06,0.04,虚构成本凭据,0.04,虚构费用凭据,3
B0488,2026-09,CNY,元,客户0488,产品68,项目38,10.07,0.05,虚构成本凭据,0.05,虚构费用凭据,4
B0489,2026-09,CNY,元,客户0489,产品69,项目39,10.08,0.06,虚构成本凭据,0.06,虚构费用凭据,5
B0490,2026-09,CNY,元,客户0490,产品00,项目40,10.09,0.07,虚构成本凭据,0,虚构费用凭据,1
B0491,2026-09,CNY,元,客户0491,产品01,项目41,10.1,0.08,虚构成本凭据,0.01,虚构费用凭据,2
B0492,2026-09,CNY,元,客户0492,产品02,项目42,10.11,0.09,虚构成本凭据,0.02,虚构费用凭据,3
B0493,2026-09,CNY,元,客户0493,产品03,项目43,10.12,0.1,虚构成本凭据,0.03,虚构费用凭据,4
B0494,2026-09,CNY,元,客户0494,产品04,项目44,10.13,0.11,虚构成本凭据,0.04,虚构费用凭据,5
B0495,2026-09,CNY,元,客户0495,产品05,项目45,10.14,0.12,虚构成本凭据,0.05,虚构费用凭据,1
B0496,2026-09,CNY,元,客户0496,产品06,项目46,10.15,0.13,虚构成本凭据,0.06,虚构费用凭据,2
B0497,2026-09,CNY,元,客户0497,产品07,项目47,-1.23,-0.5,虚构成本凭据,-0.02,虚构费用凭据,3
B0498,2026-09,CNY,元,客户0498,产品08,项目48,10.17,0.15,虚构成本凭据,0.01,虚构费用凭据,4
B0499,2026-09,CNY,元,客户0499,产品09,项目49,10.18,0.16,虚构成本凭据,0.02,虚构费用凭据,5
B0500,2026-09,CNY,元,客户0500,产品10,项目50,10.19,0.17,虚构成本凭据,0.03,虚构费用凭据,1
B0501,2026-09,CNY,元,客户0501,产品11,项目51,10.2,0.18,虚构成本凭据,0.04,虚构费用凭据,2
B0502,2026-09,CNY,元,客户0502,产品12,项目52,10.21,0.19,虚构成本凭据,0.05,虚构费用凭据,3
B0503,2026-09,CNY,元,客户0503,产品13,项目53,10.22,0.2,虚构成本凭据,0.06,虚构费用凭据,4
B0504,2026-09,CNY,元,客户0504,产品14,项目54,10.23,0.21,虚构成本凭据,0,虚构费用凭据,5
B0505,2026-09,CNY,元,客户0505,产品15,项目55,10.24,0.22,虚构成本凭据,0.01,虚构费用凭据,1
B0506,2026-09,CNY,元,客户0506,产品16,项目56,10.25,0,虚构成本凭据,0.02,虚构费用凭据,2
B0507,2026-09,CNY,元,客户0507,产品17,项目57,10.26,0.01,虚构成本凭据,0.03,虚构费用凭据,3
B0508,2026-09,CNY,元,客户0508,产品18,项目58,10.27,0.02,虚构成本凭据,0.04,虚构费用凭据,4
B0509,2026-09,CNY,元,客户0509,产品19,项目59,10.28,0.03,虚构成本凭据,0.05,虚构费用凭据,5
B0510,2026-09,CNY,元,客户0510,产品20,项目60,10.29,0.04,虚构成本凭据,0.06,虚构费用凭据,1
B0511,2026-09,CNY,元,客户0511,产品21,项目61,10.3,0.05,虚构成本凭据,0,虚构费用凭据,2
B0512,2026-09,CNY,元,客户0512,产品22,项目62,10.31,0.06,虚构成本凭据,0.01,虚构费用凭据,3
B0513,2026-09,CNY,元,客户0513,产品23,项目63,10.32,0.07,虚构成本凭据,0.02,虚构费用凭据,4
B0514,2026-09,CNY,元,客户0514,产品24,项目64,10.33,0.08,虚构成本凭据,0.03,虚构费用凭据,5
B0515,2026-09,CNY,元,客户0515,产品25,项目65,10.34,0.09,虚构成本凭据,0.04,虚构费用凭据,1
B0516,2026-09,CNY,元,客户0516,产品26,项目66,10.35,0.1,虚构成本凭据,0.05,虚构费用凭据,2
B0517,2026-09,CNY,元,客户0517,产品27,项目67,10.36,0.11,虚构成本凭据,0.06,虚构费用凭据,3
B0518,2026-09,CNY,元,客户0518,产品28,项目68,10,0.12,虚构成本凭据,0,虚构费用凭据,4
B0519,2026-09,CNY,元,客户0519,产品29,项目69,10.01,0.13,虚构成本凭据,0.01,虚构费用凭据,5
B0520,2026-09,CNY,元,客户0520,产品30,项目70,10.02,0.14,虚构成本凭据,0.02,虚构费用凭据,1
B0521,2026-09,CNY,元,客户0521,产品31,项目71,10.03,0.15,虚构成本凭据,0.03,虚构费用凭据,2
B0522,2026-09,CNY,元,客户0522,产品32,项目72,10.04,0.16,虚构成本凭据,0.04,虚构费用凭据,3
B0523,2026-09,CNY,元,客户0523,产品33,项目73,10.05,0.17,虚构成本凭据,0.05,虚构费用凭据,4
B0524,2026-09,CNY,元,客户0524,产品34,项目74,10.06,0.18,虚构成本凭据,0.06,虚构费用凭据,5
B0525,2026-09,CNY,元,客户0525,产品35,项目75,10.07,0.19,虚构成本凭据,0,虚构费用凭据,1
B0526,2026-09,CNY,元,客户0526,产品36,项目76,10.08,0.2,虚构成本凭据,0.01,虚构费用凭据,2
B0527,2026-09,CNY,元,客户0527,产品37,项目77,10.09,0.21,虚构成本凭据,0.02,虚构费用凭据,3
B0528,2026-09,CNY,元,客户0528,产品38,项目78,10.1,0.22,虚构成本凭据,0.03,虚构费用凭据,4
B0529,2026-09,CNY,元,客户0529,产品39,项目79,10.11,0,虚构成本凭据,0.04,虚构费用凭据,5
B0530,2026-09,CNY,元,客户0530,产品40,项目80,10.12,0.01,虚构成本凭据,0.05,虚构费用凭据,1
B0531,2026-09,CNY,元,客户0531,产品41,项目81,10.13,0.02,虚构成本凭据,0.06,虚构费用凭据,2
B0532,2026-09,CNY,元,客户0532,产品42,项目82,10.14,0.03,虚构成本凭据,0,虚构费用凭据,3
B0533,2026-09,CNY,元,客户0533,产品43,项目83,10.15,0.04,虚构成本凭据,0.01,虚构费用凭据,4
B0534,2026-09,CNY,元,客户0534,产品44,项目84,10.16,0.05,虚构成本凭据,0.02,虚构费用凭据,5
B0535,2026-09,CNY,元,客户0535,产品45,项目85,10.17,0.06,虚构成本凭据,0.03,虚构费用凭据,1
B0536,2026-09,CNY,元,客户0536,产品46,项目86,0,0.07,虚构成本凭据,0.04,虚构费用凭据,0
B0537,2026-09,CNY,元,客户0537,产品47,项目87,10.19,0.08,虚构成本凭据,0.05,虚构费用凭据,3
B0538,2026-09,CNY,元,客户0538,产品48,项目88,10.2,0.09,虚构成本凭据,0.06,虚构费用凭据,4
B0539,2026-09,CNY,元,客户0539,产品49,项目89,10.21,0.1,虚构成本凭据,0,虚构费用凭据,5
B0540,2026-09,CNY,元,客户0540,产品50,项目00,10.22,0.11,虚构成本凭据,0.01,虚构费用凭据,1
B0541,2026-09,CNY,元,客户0541,产品51,项目01,10.23,0.12,虚构成本凭据,0.02,虚构费用凭据,2
B0542,2026-09,CNY,元,客户0542,产品52,项目02,10.24,0.13,虚构成本凭据,0.03,虚构费用凭据,3
B0543,2026-09,CNY,元,客户0543,产品53,项目03,10.25,0.14,虚构成本凭据,0.04,虚构费用凭据,4
B0544,2026-09,CNY,元,客户0544,产品54,项目04,10.26,0.15,虚构成本凭据,0.05,虚构费用凭据,5
B0545,2026-09,CNY,元,客户0545,产品55,项目05,10.27,0.16,虚构成本凭据,0.06,虚构费用凭据,1
B0546,2026-09,CNY,元,客户0546,产品56,项目06,10.28,0.17,虚构成本凭据,0,虚构费用凭据,2
B0547,2026-09,CNY,元,客户0547,产品57,项目07,10.29,0.18,虚构成本凭据,0.01,虚构费用凭据,3
B0548,2026-09,CNY,元,客户0548,产品58,项目08,10.3,0.19,虚构成本凭据,0.02,虚构费用凭据,4
B0549,2026-09,CNY,元,客户0549,产品59,项目09,10.31,0.2,虚构成本凭据,0.03,虚构费用凭据,5
B0550,2026-09,CNY,元,客户0550,产品60,项目10,10.32,0.21,虚构成本凭据,0.04,虚构费用凭据,1
B0551,2026-09,CNY,元,客户0551,产品61,项目11,10.33,0.22,虚构成本凭据,0.05,虚构费用凭据,2
B0552,2026-09,CNY,元,客户0552,产品62,项目12,10.34,0,虚构成本凭据,0.06,虚构费用凭据,3
B0553,2026-09,CNY,元,客户0553,产品63,项目13,10.35,0.01,虚构成本凭据,0,虚构费用凭据,4
B0554,2026-09,CNY,元,客户0554,产品64,项目14,10.36,0.02,虚构成本凭据,0.01,虚构费用凭据,5
B0555,2026-09,CNY,元,客户0555,产品65,项目15,10,0.03,虚构成本凭据,0.02,虚构费用凭据,1
B0556,2026-09,CNY,元,客户0556,产品66,项目16,10.01,0.04,虚构成本凭据,0.03,虚构费用凭据,2
B0557,2026-09,CNY,元,客户0557,产品67,项目17,10.02,0.05,虚构成本凭据,0.04,虚构费用凭据,3
B0558,2026-09,CNY,元,客户0558,产品68,项目18,10.03,0.06,虚构成本凭据,0.05,虚构费用凭据,4
B0559,2026-09,CNY,元,客户0559,产品69,项目19,10.04,0.07,虚构成本凭据,0.06,虚构费用凭据,5
B0560,2026-10,CNY,元,客户0560,产品00,项目20,10.05,0.08,虚构成本凭据,0,虚构费用凭据,1
B0561,2026-10,CNY,元,客户0561,产品01,项目21,10.06,0.09,虚构成本凭据,0.01,虚构费用凭据,2
B0562,2026-10,CNY,元,客户0562,产品02,项目22,10.07,0.1,虚构成本凭据,0.02,虚构费用凭据,3
B0563,2026-10,CNY,元,客户0563,产品03,项目23,10.08,0.11,虚构成本凭据,0.03,虚构费用凭据,4
B0564,2026-10,CNY,元,客户0564,产品04,项目24,10.09,0.12,虚构成本凭据,0.04,虚构费用凭据,5
B0565,2026-10,CNY,元,客户0565,产品05,项目25,10.1,0.13,虚构成本凭据,0.05,虚构费用凭据,1
B0566,2026-10,CNY,元,客户0566,产品06,项目26,10.11,0.14,虚构成本凭据,0.06,虚构费用凭据,2
B0567,2026-10,CNY,元,客户0567,产品07,项目27,10.12,0.15,虚构成本凭据,0,虚构费用凭据,3
B0568,2026-10,CNY,元,客户0568,产品08,项目28,-1.23,-0.5,虚构成本凭据,-0.02,虚构费用凭据,4
B0569,2026-10,CNY,元,客户0569,产品09,项目29,10.14,0.17,虚构成本凭据,0.02,虚构费用凭据,5
B0570,2026-10,CNY,元,客户0570,产品10,项目30,10.15,0.18,虚构成本凭据,0.03,虚构费用凭据,1
B0571,2026-10,CNY,元,客户0571,产品11,项目31,10.16,0.19,虚构成本凭据,0.04,虚构费用凭据,2
B0572,2026-10,CNY,元,客户0572,产品12,项目32,10.17,0.2,虚构成本凭据,0.05,虚构费用凭据,3
B0573,2026-10,CNY,元,客户0573,产品13,项目33,10.18,0.21,虚构成本凭据,0.06,虚构费用凭据,4
B0574,2026-10,CNY,元,客户0574,产品14,项目34,10.19,0.22,虚构成本凭据,0,虚构费用凭据,5
B0575,2026-10,CNY,元,客户0575,产品15,项目35,10.2,0,虚构成本凭据,0.01,虚构费用凭据,1
B0576,2026-10,CNY,元,客户0576,产品16,项目36,10.21,0.01,虚构成本凭据,0.02,虚构费用凭据,2
B0577,2026-10,CNY,元,客户0577,产品17,项目37,10.22,0.02,虚构成本凭据,0.03,虚构费用凭据,3
B0578,2026-10,CNY,元,客户0578,产品18,项目38,10.23,0.03,虚构成本凭据,0.04,虚构费用凭据,4
B0579,2026-10,CNY,元,客户0579,产品19,项目39,10.24,0.04,虚构成本凭据,0.05,虚构费用凭据,5
B0580,2026-10,CNY,元,客户0580,产品20,项目40,10.25,0.05,虚构成本凭据,0.06,虚构费用凭据,1
B0581,2026-10,CNY,元,客户0581,产品21,项目41,10.26,0.06,虚构成本凭据,0,虚构费用凭据,2
B0582,2026-10,CNY,元,客户0582,产品22,项目42,10.27,0.07,虚构成本凭据,0.01,虚构费用凭据,3
B0583,2026-10,CNY,元,客户0583,产品23,项目43,10.28,,虚构成本凭据,0.02,虚构费用凭据,4
B0584,2026-10,USD,元,客户0584,产品24,项目44,10.29,0.09,虚构成本凭据,0.03,虚构费用凭据,5
B0585,2026-10,USD,元,客户0585,产品25,项目45,10.3,0.1,虚构成本凭据,0.04,虚构费用凭据,1
B0586,2026-10,USD,元,客户0586,产品26,项目46,10.31,0.11,虚构成本凭据,0.05,虚构费用凭据,2
B0587,2026-10,USD,元,客户0587,产品27,项目47,10.32,0.12,虚构成本凭据,0.06,虚构费用凭据,3
B0588,2026-10,USD,元,客户0588,产品28,项目48,10.33,0.13,虚构成本凭据,0,虚构费用凭据,4
B0589,2026-10,USD,元,客户0589,产品29,项目49,10.34,0.14,虚构成本凭据,0.01,虚构费用凭据,5
B0590,2026-10,USD,元,客户0590,产品30,项目50,10.35,0.15,虚构成本凭据,0.02,虚构费用凭据,1
B0591,2026-10,USD,元,客户0591,产品31,项目51,10.36,0.16,虚构成本凭据,0.03,虚构费用凭据,2
B0592,2026-10,USD,元,客户0592,产品32,项目52,10,0.17,虚构成本凭据,0.04,虚构费用凭据,3
B0593,2026-10,USD,元,客户0593,产品33,项目53,10.01,0.18,虚构成本凭据,0.05,虚构费用凭据,4
B0594,2026-10,CNY,万元,客户0594,产品34,项目54,10.02,0.19,虚构成本凭据,0.06,虚构费用凭据,5
B0595,2026-10,CNY,万元,客户0595,产品35,项目55,10.03,0.2,虚构成本凭据,0,虚构费用凭据,1
B0596,2026-10,CNY,万元,客户0596,产品36,项目56,10.04,0.21,虚构成本凭据,0.01,虚构费用凭据,2
B0597,2026-10,CNY,万元,客户0597,产品37,项目57,10.05,0.22,虚构成本凭据,0.02,虚构费用凭据,3
B0598,2026-10,CNY,万元,客户0598,产品38,项目58,10.06,0,虚构成本凭据,0.03,虚构费用凭据,4
B0599,2026-10,CNY,万元,客户0599,产品39,项目59,10.07,0.01,虚构成本凭据,0.04,虚构费用凭据,5
B0600,2026-10,CNY,万元,客户0600,产品40,项目60,10.08,0.02,虚构成本凭据,0.05,虚构费用凭据,1
B0601,2026-10,CNY,万元,客户0601,产品41,项目61,10.09,0.03,虚构成本凭据,0.06,虚构费用凭据,2
B0602,2026-10,CNY,万元,客户0602,产品42,项目62,10.1,0.04,虚构成本凭据,0,虚构费用凭据,3
B0603,2026-10,CNY,万元,客户0603,产品43,项目63,0,0.05,虚构成本凭据,0.01,虚构费用凭据,0
