"记录ID","主体","发票ID","客商ID","日期","期间","币种","单位","状态","原蓝票ID","不含税金额","税额","含税金额"
"票1","虚构甲","I001","虚构客商A","2026-09-15","2026-09","CNY","元","正常","","1000","130","1130"
"票2","虚构甲","R001","虚构客商A","2026-09-15","2026-09","CNY","元","红字","I001","-200","-26","-226"
"票3","虚构甲","I002","虚构客商A","2026-09-15","2026-09","CNY","元","正常","","200","26","226"
"票4","虚构甲","V001","虚构客商A","2026-09-15","2026-09","CNY","元","作废","","50","6.50","56.50"
"票5","虚构甲","D001","虚构客商A","2026-09-15","2026-09","CNY","元","正常","","100","13","113"
"票6","虚构甲","D001","虚构客商A","2026-09-15","2026-09","CNY","元","正常","","100","13","113"
"票7","虚构甲","I003","虚构客商A","2026-09-15","2026-09","CNY","元","正常","","30","3.90","34"
"票8","虚构甲","I004","虚构客商A","2026-09-15","2026-09","CNY","元","正常","","0","0","0"
"票9","虚构甲","I005","虚构客商A","2026-09-15","2026-09","CNY","元","正常","","100","13","113"
"票10","虚构甲","M001","虚构客商A","2026-09-15","2026-09","CNY","元","正常","","","1","11"