主体,范围,开始日,结束日,币种,单位,口径,已确认,报表,项目,时点,金额,依据
虚构星禾公司,个别,2024-01-01,2024-12-31,CNY,万元,CAS30-2014/全年/同业务范围/虚构已确认,是,BS,资产总计,期末,1000,完全虚构已确认报表/附注
虚构星禾公司,个别,2024-01-01,2024-12-31,CNY,万元,CAS30-2014/全年/同业务范围/虚构已确认,是,BS,流动资产合计,期末,600,完全虚构已确认报表/附注
虚构星禾公司,个别,2024-01-01,2024-12-31,CNY,万元,CAS30-2014/全年/同业务范围/虚构已确认,是,BS,非流动资产合计,期末,400,完全虚构已确认报表/附注
虚构星禾公司,个别,2024-01-01,2024-12-31,CNY,万元,CAS30-2014/全年/同业务范围/虚构已确认,是,BS,负债合计,期末,500,完全虚构已确认报表/附注
虚构星禾公司,个别,2024-01-01,2024-12-31,CNY,万元,CAS30-2014/全年/同业务范围/虚构已确认,是,BS,流动负债合计,期末,300,完全虚构已确认报表/附注
虚构星禾公司,个别,2024-01-01,2024-12-31,CNY,万元,CAS30-2014/全年/同业务范围/虚构已确认,是,BS,非流动负债合计,期末,200,完全虚构已确认报表/附注
虚构星禾公司,个别,2024-01-01,2024-12-31,CNY,万元,CAS30-2014/全年/同业务范围/虚构已确认,是,BS,所有者权益合计,期末,500,完全虚构已确认报表/附注
虚构星禾公司,个别,2024-01-01,2024-12-31,CNY,万元,CAS30-2014/全年/同业务范围/虚构已确认,是,BS,货币资金,期末,100,完全虚构已确认报表/附注
虚构星禾公司,个别,2024-01-01,2024-12-31,CNY,万元,CAS30-2014/全年/同业务范围/虚构已确认,是,BS,存货,期末,200,完全虚构已确认报表/附注
虚构星禾公司,个别,2024-01-01,2024-12-31,CNY,万元,CAS30-2014/全年/同业务范围/虚构已确认,是,BS,应收账款,期末,180,完全虚构已确认报表/附注
虚构星禾公司,个别,2024-01-01,2024-12-31,CNY,万元,CAS30-2014/全年/同业务范围/虚构已确认,是,PL,营业收入,本期,1000,完全虚构已确认报表/附注
虚构星禾公司,个别,2024-01-01,2024-12-31,CNY,万元,CAS30-2014/全年/同业务范围/虚构已确认,是,PL,营业成本,本期,600,完全虚构已确认报表/附注
虚构星禾公司,个别,2024-01-01,2024-12-31,CNY,万元,CAS30-2014/全年/同业务范围/虚构已确认,是,PL,营业利润,本期,180,完全虚构已确认报表/附注
虚构星禾公司,个别,2024-01-01,2024-12-31,CNY,万元,CAS30-2014/全年/同业务范围/虚构已确认,是,PL,利润总额,本期,150,完全虚构已确认报表/附注
虚构星禾公司,个别,2024-01-01,2024-12-31,CNY,万元,CAS30-2014/全年/同业务范围/虚构已确认,是,PL,所得税费用,本期,30,完全虚构已确认报表/附注
虚构星禾公司,个别,2024-01-01,2024-12-31,CNY,万元,CAS30-2014/全年/同业务范围/虚构已确认,是,PL,净利润,本期,120,完全虚构已确认报表/附注
虚构星禾公司,个别,2024-01-01,2024-12-31,CNY,万元,CAS30-2014/全年/同业务范围/虚构已确认,是,PL,毛利,本期,400,完全虚构已确认报表/附注
虚构星禾公司,个别,2024-01-01,2024-12-31,CNY,万元,CAS30-2014/全年/同业务范围/虚构已确认,是,CF,经营活动现金流量净额,本期,150,完全虚构已确认报表/附注
虚构星禾公司,个别,2024-01-01,2024-12-31,CNY,万元,CAS30-2014/全年/同业务范围/虚构已确认,是,CF,投资活动现金流量净额,本期,-100,完全虚构已确认报表/附注
虚构星禾公司,个别,2024-01-01,2024-12-31,CNY,万元,CAS30-2014/全年/同业务范围/虚构已确认,是,CF,筹资活动现金流量净额,本期,-20,完全虚构已确认报表/附注
虚构星禾公司,个别,2024-01-01,2024-12-31,CNY,万元,CAS30-2014/全年/同业务范围/虚构已确认,是,CF,汇率变动影响,本期,0,完全虚构已确认报表/附注
虚构星禾公司,个别,2024-01-01,2024-12-31,CNY,万元,CAS30-2014/全年/同业务范围/虚构已确认,是,CF,现金净增加额,本期,30,完全虚构已确认报表/附注
虚构星禾公司,个别,2024-01-01,2024-12-31,CNY,万元,CAS30-2014/全年/同业务范围/虚构已确认,是,CF,期初现金及现金等价物,本期,70,完全虚构已确认报表/附注
虚构星禾公司,个别,2024-01-01,2024-12-31,CNY,万元,CAS30-2014/全年/同业务范围/虚构已确认,是,CF,期末现金及现金等价物,本期,100,完全虚构已确认报表/附注
虚构星禾公司,个别,2024-01-01,2024-12-31,CNY,万元,CAS30-2014/全年/同业务范围/虚构已确认,是,SUP,利息支出,本期,30,完全虚构已确认报表/附注
虚构星禾公司,个别,2024-01-01,2024-12-31,CNY,万元,CAS30-2014/全年/同业务范围/虚构已确认,是,SUP,息税前利润,本期,180,完全虚构已确认报表/附注
虚构星禾公司,个别,2024-01-01,2024-12-31,CNY,万元,CAS30-2014/全年/同业务范围/虚构已确认,是,BS,资产总计,期初,800,完全虚构已确认报表/附注
虚构星禾公司,个别,2024-01-01,2024-12-31,CNY,万元,CAS30-2014/全年/同业务范围/虚构已确认,是,BS,所有者权益合计,期初,400,完全虚构已确认报表/附注
虚构星禾公司,个别,2024-01-01,2024-12-31,CNY,万元,CAS30-2014/全年/同业务范围/虚构已确认,是,BS,应收账款,期初,140,完全虚构已确认报表/附注
虚构星禾公司,个别,2024-01-01,2024-12-31,CNY,万元,CAS30-2014/全年/同业务范围/虚构已确认,是,BS,存货,期初,160,完全虚构已确认报表/附注
虚构星禾公司,个别,2025-01-01,2025-12-31,CNY,万元,CAS30-2014/全年/同业务范围/虚构已确认,是,BS,资产总计,期末,1200,完全虚构已确认报表/附注
虚构星禾公司,个别,2025-01-01,2025-12-31,CNY,万元,CAS30-2014/全年/同业务范围/虚构已确认,是,BS,流动资产合计,期末,720,完全虚构已确认报表/附注
虚构星禾公司,个别,2025-01-01,2025-12-31,CNY,万元,CAS30-2014/全年/同业务范围/虚构已确认,是,BS,非流动资产合计,期末,480,完全虚构已确认报表/附注
虚构星禾公司,个别,2025-01-01,2025-12-31,CNY,万元,CAS30-2014/全年/同业务范围/虚构已确认,是,BS,负债合计,期末,600,完全虚构已确认报表/附注
虚构星禾公司,个别,2025-01-01,2025-12-31,CNY,万元,CAS30-2014/全年/同业务范围/虚构已确认,是,BS,流动负债合计,期末,360,完全虚构已确认报表/附注
虚构星禾公司,个别,2025-01-01,2025-12-31,CNY,万元,CAS30-2014/全年/同业务范围/虚构已确认,是,BS,非流动负债合计,期末,240,完全虚构已确认报表/附注
虚构星禾公司,个别,2025-01-01,2025-12-31,CNY,万元,CAS30-2014/全年/同业务范围/虚构已确认,是,BS,所有者权益合计,期末,600,完全虚构已确认报表/附注
虚构星禾公司,个别,2025-01-01,2025-12-31,CNY,万元,CAS30-2014/全年/同业务范围/虚构已确认,是,BS,货币资金,期末,130,完全虚构已确认报表/附注
虚构星禾公司,个别,2025-01-01,2025-12-31,CNY,万元,CAS30-2014/全年/同业务范围/虚构已确认,是,BS,存货,期末,240,完全虚构已确认报表/附注
虚构星禾公司,个别,2025-01-01,2025-12-31,CNY,万元,CAS30-2014/全年/同业务范围/虚构已确认,是,BS,应收账款,期末,220,完全虚构已确认报表/附注
虚构星禾公司,个别,2025-01-01,2025-12-31,CNY,万元,CAS30-2014/全年/同业务范围/虚构已确认,是,PL,营业收入,本期,1200,完全虚构已确认报表/附注
虚构星禾公司,个别,2025-01-01,2025-12-31,CNY,万元,CAS30-2014/全年/同业务范围/虚构已确认,是,PL,营业成本,本期,720,完全虚构已确认报表/附注
虚构星禾公司,个别,2025-01-01,2025-12-31,CNY,万元,CAS30-2014/全年/同业务范围/虚构已确认,是,PL,营业利润,本期,216,完全虚构已确认报表/附注
虚构星禾公司,个别,2025-01-01,2025-12-31,CNY,万元,CAS30-2014/全年/同业务范围/虚构已确认,是,PL,利润总额,本期,180,完全虚构已确认报表/附注
虚构星禾公司,个别,2025-01-01,2025-12-31,CNY,万元,CAS30-2014/全年/同业务范围/虚构已确认,是,PL,所得税费用,本期,36,完全虚构已确认报表/附注
虚构星禾公司,个别,2025-01-01,2025-12-31,CNY,万元,CAS30-2014/全年/同业务范围/虚构已确认,是,PL,净利润,本期,144,完全虚构已确认报表/附注
虚构星禾公司,个别,2025-01-01,2025-12-31,CNY,万元,CAS30-2014/全年/同业务范围/虚构已确认,是,PL,毛利,本期,480,完全虚构已确认报表/附注
虚构星禾公司,个别,2025-01-01,2025-12-31,CNY,万元,CAS30-2014/全年/同业务范围/虚构已确认,是,CF,经营活动现金流量净额,本期,180,完全虚构已确认报表/附注
虚构星禾公司,个别,2025-01-01,2025-12-31,CNY,万元,CAS30-2014/全年/同业务范围/虚构已确认,是,CF,投资活动现金流量净额,本期,-120,完全虚构已确认报表/附注
虚构星禾公司,个别,2025-01-01,2025-12-31,CNY,万元,CAS30-2014/全年/同业务范围/虚构已确认,是,CF,筹资活动现金流量净额,本期,-30,完全虚构已确认报表/附注
虚构星禾公司,个别,2025-01-01,2025-12-31,CNY,万元,CAS30-2014/全年/同业务范围/虚构已确认,是,CF,汇率变动影响,本期,0,完全虚构已确认报表/附注
虚构星禾公司,个别,2025-01-01,2025-12-31,CNY,万元,CAS30-2014/全年/同业务范围/虚构已确认,是,CF,现金净增加额,本期,30,完全虚构已确认报表/附注
虚构星禾公司,个别,2025-01-01,2025-12-31,CNY,万元,CAS30-2014/全年/同业务范围/虚构已确认,是,CF,期初现金及现金等价物,本期,100,完全虚构已确认报表/附注
虚构星禾公司,个别,2025-01-01,2025-12-31,CNY,万元,CAS30-2014/全年/同业务范围/虚构已确认,是,CF,期末现金及现金等价物,本期,130,完全虚构已确认报表/附注
虚构星禾公司,个别,2025-01-01,2025-12-31,CNY,万元,CAS30-2014/全年/同业务范围/虚构已确认,是,SUP,利息支出,本期,36,完全虚构已确认报表/附注
虚构星禾公司,个别,2025-01-01,2025-12-31,CNY,万元,CAS30-2014/全年/同业务范围/虚构已确认,是,SUP,息税前利润,本期,216,完全虚构已确认报表/附注
虚构星禾公司,个别,2025-01-01,2025-12-31,CNY,万元,CAS30-2014/全年/同业务范围/虚构已确认,是,BS,资产总计,期初,1000,完全虚构已确认报表/附注
虚构星禾公司,个别,2025-01-01,2025-12-31,CNY,万元,CAS30-2014/全年/同业务范围/虚构已确认,是,BS,所有者权益合计,期初,500,完全虚构已确认报表/附注
虚构星禾公司,个别,2025-01-01,2025-12-31,CNY,万元,CAS30-2014/全年/同业务范围/虚构已确认,是,BS,应收账款,期初,180,完全虚构已确认报表/附注
虚构星禾公司,个别,2025-01-01,2025-12-31,CNY,万元,CAS30-2014/全年/同业务范围/虚构已确认,是,BS,存货,期初,200,完全虚构已确认报表/附注