"主体","客户ID","单据ID","评估方式","参数ID","参数版本","个别损失金额","评估依据","确认状态"
"虚构星河公司","C001","00001-1","组合","P01","v1","","虚构逐条评估审批","已确认"
"虚构星河公司","C001","00002-1","组合","P01","v1","","虚构逐条评估审批","已确认"
"虚构星河公司","C002","00003-1","个别","P02","v1","90000.00","虚构逐条评估审批","已确认"
"虚构星河公司","C001","00001-2","组合","P01","v1","","虚构逐条评估审批","已确认"
"虚构星河公司","C001","00002-2","组合","P01","v1","","虚构逐条评估审批","已确认"
"虚构星河公司","C002","00003-2","个别","P02","v1","90000.00","虚构逐条评估审批","已确认"
"虚构星河公司","C001","00001-3","组合","P01","v1","","虚构逐条评估审批","已确认"
"虚构星河公司","C001","00002-3","组合","P01","v1","","虚构逐条评估审批","已确认"
"虚构星河公司","C002","00003-3","个别","P02","v1","90000.00","虚构逐条评估审批","已确认"
"虚构星河公司","C001","00001-4","组合","P01","v1","","虚构逐条评估审批","已确认"
"虚构星河公司","C001","00002-4","组合","P01","v1","","虚构逐条评估审批","已确认"
"虚构星河公司","C002","00003-4","个别","P02","v1","90000.00","虚构逐条评估审批","已确认"
"虚构星河公司","C001","00001-5","组合","P01","v1","","虚构逐条评估审批","已确认"
"虚构星河公司","C001","00002-5","组合","P01","v1","","虚构逐条评估审批","已确认"
"虚构星河公司","C002","00003-5","个别","P02","v1","90000.00","虚构逐条评估审批","已确认"
"虚构星河公司","C001","00001-6","组合","P01","v1","","虚构逐条评估审批","已确认"
"虚构星河公司","C001","00002-6","组合","P01","v1","","虚构逐条评估审批","已确认"
"虚构星河公司","C002","00003-6","个别","P02","v1","90000.00","虚构逐条评估审批","已确认"
"虚构星河公司","C001","00001-7","组合","P01","v1","","虚构逐条评估审批","已确认"
"虚构星河公司","C001","00002-7","组合","P01","v1","","虚构逐条评估审批","已确认"
"虚构星河公司","C002","00003-7","个别","P02","v1","90000.00","虚构逐条评估审批","已确认"
"虚构星河公司","C001","00001-8","组合","P01","v1","","虚构逐条评估审批","已确认"
"虚构星河公司","C001","00002-8","组合","P01","v1","","虚构逐条评估审批","已确认"
"虚构星河公司","C002","00003-8","个别","P02","v1","90000.00","虚构逐条评估审批","已确认"