"主体","客户ID","客户名称","单据ID","截止日","币种","单位","含税口径","余额","时点确认","来源依据"
"虚构星河公司","C001","同名虚构客户","00001-1","2026-09-30","CNY","元","含税","1000000.00","已确认","完全虚构截止余额表"
"虚构星河公司","C001","同名虚构客户","00002-1","2026-09-30","CNY","元","含税","200000.00","已确认","完全虚构截止余额表"
"虚构星河公司","C002","同名虚构客户","00003-1","2026-09-30","CNY","元","含税","300000.00","已确认","完全虚构截止余额表"
"虚构星河公司","C001","同名虚构客户","00001-2","2026-09-30","CNY","元","含税","1000000.00","已确认","完全虚构截止余额表"
"虚构星河公司","C001","同名虚构客户","00002-2","2026-09-30","CNY","元","含税","200000.00","已确认","完全虚构截止余额表"
"虚构星河公司","C002","同名虚构客户","00003-2","2026-09-30","CNY","元","含税","300000.00","已确认","完全虚构截止余额表"
"虚构星河公司","C001","同名虚构客户","00001-3","2026-09-30","CNY","元","含税","1000000.00","已确认","完全虚构截止余额表"
"虚构星河公司","C001","同名虚构客户","00002-3","2026-09-30","CNY","元","含税","200000.00","已确认","完全虚构截止余额表"
"虚构星河公司","C002","同名虚构客户","00003-3","2026-09-30","CNY","元","含税","300000.00","已确认","完全虚构截止余额表"
"虚构星河公司","C001","同名虚构客户","00001-4","2026-09-30","CNY","元","含税","1000000.00","已确认","完全虚构截止余额表"
"虚构星河公司","C001","同名虚构客户","00002-4","2026-09-30","CNY","元","含税","200000.00","已确认","完全虚构截止余额表"
"虚构星河公司","C002","同名虚构客户","00003-4","2026-09-30","CNY","元","含税","300000.00","已确认","完全虚构截止余额表"
"虚构星河公司","C001","同名虚构客户","00001-5","2026-09-30","CNY","元","含税","1000000.00","已确认","完全虚构截止余额表"
"虚构星河公司","C001","同名虚构客户","00002-5","2026-09-30","CNY","元","含税","200000.00","已确认","完全虚构截止余额表"
"虚构星河公司","C002","同名虚构客户","00003-5","2026-09-30","CNY","元","含税","300000.00","已确认","完全虚构截止余额表"
"虚构星河公司","C001","同名虚构客户","00001-6","2026-09-30","CNY","元","含税","1000000.00","已确认","完全虚构截止余额表"
"虚构星河公司","C001","同名虚构客户","00002-6","2026-09-30","CNY","元","含税","200000.00","已确认","完全虚构截止余额表"
"虚构星河公司","C002","同名虚构客户","00003-6","2026-09-30","CNY","元","含税","300000.00","已确认","完全虚构截止余额表"
"虚构星河公司","C001","同名虚构客户","00001-7","2026-09-30","CNY","元","含税","1000000.00","已确认","完全虚构截止余额表"
"虚构星河公司","C001","同名虚构客户","00002-7","2026-09-30","CNY","元","含税","200000.00","已确认","完全虚构截止余额表"
"虚构星河公司","C002","同名虚构客户","00003-7","2026-09-30","CNY","元","含税","300000.00","已确认","完全虚构截止余额表"
"虚构星河公司","C001","同名虚构客户","00001-8","2026-09-30","CNY","元","含税","1000000.00","已确认","完全虚构截止余额表"
"虚构星河公司","C001","同名虚构客户","00002-8","2026-09-30","CNY","元","含税","200000.00","已确认","完全虚构截止余额表"
"虚构星河公司","C002","同名虚构客户","00003-8","2026-09-30","CNY","元","含税","300000.00","已确认","完全虚构截止余额表"