"模板ID","事项","资产科目","负债科目","开始期间","结束期间","依据"
"T1","虚构事项001","其他应收款","其他应付款","2026-01","2026-12","虚构指定科目模板证据1"
"T2","虚构事项002","其他应收款","其他应付款","2026-01","2026-12","虚构指定科目模板证据2"
"T3","虚构事项003","其他应收款","其他应付款","2026-01","2026-12","虚构指定科目模板证据3"
"T4","虚构事项004","其他应收款","其他应付款","2026-01","2026-12","虚构指定科目模板证据4"
"T5","虚构事项005","其他应收款","其他应付款","2026-01","2026-12","虚构指定科目模板证据5"
"T6","虚构事项006","其他应收款","其他应付款","2026-01","2026-12","虚构指定科目模板证据6"
"T7","虚构事项007","其他应收款","其他应付款","2026-01","2026-12","虚构指定科目模板证据7"
"T8","虚构事项008","其他应收款","其他应付款","2026-01","2026-12","虚构指定科目模板证据8"
"T9","虚构事项009","其他应收款","其他应付款","2026-01","2026-12","虚构指定科目模板证据9"
"T10","虚构事项010","其他应收款","其他应付款","2026-01","2026-12","虚构指定科目模板证据10"
"T11","虚构事项011","其他应收款","其他应付款","2026-01","2026-12","虚构指定科目模板证据11"
"T12","虚构事项012","其他应收款","其他应付款","2026-01","2026-12","虚构指定科目模板证据12"
"T13","虚构事项013","其他应收款","其他应付款","2026-01","2026-12","虚构指定科目模板证据13"
"T14","虚构事项014","其他应收款","其他应付款","2026-01","2026-12","虚构指定科目模板证据14"
"T15","虚构事项015","其他应收款","其他应付款","2026-01","2026-12","虚构指定科目模板证据15"
"T16","虚构事项016","其他应收款","其他应付款","2026-01","2026-12","虚构指定科目模板证据16"
"T17","虚构事项017","其他应收款","其他应付款","2026-01","2026-12","虚构指定科目模板证据17"
"T18","虚构事项018","其他应收款","其他应付款","2026-01","2026-12","虚构指定科目模板证据18"
"T19","虚构事项019","其他应收款","其他应付款","2026-01","2026-12","虚构指定科目模板证据19"
"T20","虚构事项020","其他应收款","其他应付款","2026-01","2026-12","虚构指定科目模板证据20"
"T21","虚构事项021","其他应收款","其他应付款","2026-01","2026-12","虚构指定科目模板证据21"
"T22","虚构事项022","其他应收款","其他应付款","2026-01","2026-12","虚构指定科目模板证据22"
"T23","虚构事项023","其他应收款","其他应付款","2026-01","2026-12","虚构指定科目模板证据23"
"T24","虚构事项024","其他应收款","其他应付款","2026-01","2026-12","虚构指定科目模板证据24"
"T25","虚构事项025","其他应收款","其他应付款","2026-01","2026-12","虚构指定科目模板证据25"
"T26","虚构事项026","其他应收款","其他应付款","2026-01","2026-12","虚构指定科目模板证据26"
"T27","虚构事项027","其他应收款","其他应付款","2026-01","2026-12","虚构指定科目模板证据27"
"T28","虚构事项028","其他应收款","其他应付款","2026-01","2026-12","虚构指定科目模板证据28"
"T29","虚构事项029","其他应收款","其他应付款","2026-01","2026-12","虚构指定科目模板证据29"
"T30","虚构事项030","其他应收款","其他应付款","2026-01","2026-12","虚构指定科目模板证据30"
"T31","虚构事项031","其他应收款","其他应付款","2026-01","2026-12","虚构指定科目模板证据31"
"T32","虚构事项032","其他应收款","其他应付款","2026-01","2026-12","虚构指定科目模板证据32"
"T33","虚构事项033","其他应收款","其他应付款","2026-01","2026-12","虚构指定科目模板证据33"
"T34","虚构事项034","其他应收款","其他应付款","2026-01","2026-12","虚构指定科目模板证据34"
"T35","虚构事项035","其他应收款","其他应付款","2026-01","2026-12","虚构指定科目模板证据35"
"T36","虚构事项036","其他应收款","其他应付款","2026-01","2026-12","虚构指定科目模板证据36"
"T37","虚构事项037","其他应收款","其他应付款","2026-01","2026-12","虚构指定科目模板证据37"
"T38","虚构事项038","其他应收款","其他应付款","2026-01","2026-12","虚构指定科目模板证据38"
"T39","虚构事项039","其他应收款","其他应付款","2026-01","2026-12","虚构指定科目模板证据39"
"T40","虚构事项040","其他应收款","其他应付款","2026-01","2026-12","虚构指定科目模板证据40"
"T41","虚构事项041","其他应收款","其他应付款","2026-01","2026-12","虚构指定科目模板证据41"
"T42","虚构事项042","其他应收款","其他应付款","2026-01","2026-12","虚构指定科目模板证据42"
"T43","虚构事项043","其他应收款","其他应付款","2026-01","2026-12","虚构指定科目模板证据43"
"T44","虚构事项044","其他应收款","其他应付款","2026-01","2026-12","虚构指定科目模板证据44"
"T45","虚构事项045","其他应收款","其他应付款","2026-01","2026-12","虚构指定科目模板证据45"
"T46","虚构事项046","其他应收款","其他应付款","2026-01","2026-12","虚构指定科目模板证据46"
"T47","虚构事项047","其他应收款","其他应付款","2026-01","2026-12","虚构指定科目模板证据47"
"T48","虚构事项048","其他应收款","其他应付款","2026-01","2026-12","虚构指定科目模板证据48"
"T49","虚构事项049","其他应收款","其他应付款","2026-01","2026-12","虚构指定科目模板证据49"
"T50","虚构事项050","其他应收款","其他应付款","2026-01","2026-12","虚构指定科目模板证据50"
"T51","虚构事项051","其他应收款","其他应付款","2026-01","2026-12","虚构指定科目模板证据51"
"T52","虚构事项052","其他应收款","其他应付款","2026-01","2026-12","虚构指定科目模板证据52"
"T53","虚构事项053","其他应收款","其他应付款","2026-01","2026-12","虚构指定科目模板证据53"
"T54","虚构事项054","其他应收款","其他应付款","2026-01","2026-12","虚构指定科目模板证据54"
"T55","虚构事项055","其他应收款","其他应付款","2026-01","2026-12","虚构指定科目模板证据55"
"T56","虚构事项056","其他应收款","其他应付款","2026-01","2026-12","虚构指定科目模板证据56"
"T57","虚构事项057","其他应收款","其他应付款","2026-01","2026-12","虚构指定科目模板证据57"
"T58","虚构事项058","其他应收款","其他应付款","2026-01","2026-12","虚构指定科目模板证据58"
"T59","虚构事项059","其他应收款","其他应付款","2026-01","2026-12","虚构指定科目模板证据59"
"T60","虚构事项060","其他应收款","其他应付款","2026-01","2026-12","虚构指定科目模板证据60"
"T61","虚构事项061","其他应收款","其他应付款","2026-01","2026-12","虚构指定科目模板证据61"
"T62","虚构事项062","其他应收款","其他应付款","2026-01","2026-12","虚构指定科目模板证据62"
"T63","虚构事项063","其他应收款","其他应付款","2026-01","2026-12","虚构指定科目模板证据63"
"T64","虚构事项064","其他应收款","其他应付款","2026-01","2026-12","虚构指定科目模板证据64"
"T65","虚构事项065","其他应收款","其他应付款","2026-01","2026-12","虚构指定科目模板证据65"
"T66","虚构事项066","其他应收款","其他应付款","2026-01","2026-12","虚构指定科目模板证据66"
"T67","虚构事项067","其他应收款","其他应付款","2026-01","2026-12","虚构指定科目模板证据67"
"T68","虚构事项068","其他应收款","其他应付款","2026-01","2026-12","虚构指定科目模板证据68"
"T69","虚构事项069","其他应收款","其他应付款","2026-01","2026-12","虚构指定科目模板证据69"
"T70","虚构事项070","其他应收款","其他应付款","2026-01","2026-12","虚构指定科目模板证据70"
"T71","虚构事项071","其他应收款","其他应付款","2026-01","2026-12","虚构指定科目模板证据71"
"T72","虚构事项072","其他应收款","其他应付款","2026-01","2026-12","虚构指定科目模板证据72"
"T73","虚构事项073","其他应收款","其他应付款","2026-01","2026-12","虚构指定科目模板证据73"
"T74","虚构事项074","其他应收款","其他应付款","2026-01","2026-12","虚构指定科目模板证据74"
"T75","虚构事项075","其他应收款","其他应付款","2026-01","2026-12","虚构指定科目模板证据75"
"T76","虚构事项076","其他应收款","其他应付款","2026-01","2026-12","虚构指定科目模板证据76"
"T77","虚构事项077","其他应收款","其他应付款","2026-01","2026-12","虚构指定科目模板证据77"
"T78","虚构事项078","其他应收款","其他应付款","2026-01","2026-12","虚构指定科目模板证据78"
"T79","虚构事项079","其他应收款","其他应付款","2026-01","2026-12","虚构指定科目模板证据79"
"T80","虚构事项080","其他应收款","其他应付款","2026-01","2026-12","虚构指定科目模板证据80"
"T81","虚构事项081","其他应收款","其他应付款","2026-01","2026-12","虚构指定科目模板证据81"
"T82","虚构事项082","其他应收款","其他应付款","2026-01","2026-12","虚构指定科目模板证据82"
"T83","虚构事项083","其他应收款","其他应付款","2026-01","2026-12","虚构指定科目模板证据83"
"T84","虚构事项084","其他应收款","其他应付款","2026-01","2026-12","虚构指定科目模板证据84"
"T85","虚构事项085","其他应收款","其他应付款","2026-01","2026-12","虚构指定科目模板证据85"
"T86","虚构事项086","其他应收款","其他应付款","2026-01","2026-12","虚构指定科目模板证据86"
"T87","虚构事项087","其他应收款","其他应付款","2026-01","2026-12","虚构指定科目模板证据87"
"T88","虚构事项088","其他应收款","其他应付款","2026-01","2026-12","虚构指定科目模板证据88"
"T89","虚构事项089","其他应收款","其他应付款","2026-01","2026-12","虚构指定科目模板证据89"
"T90","虚构事项090","其他应收款","其他应付款","2026-01","2026-12","虚构指定科目模板证据90"
"T91","虚构事项091","其他应收款","其他应付款","2026-01","2026-12","虚构指定科目模板证据91"
"T92","虚构事项092","其他应收款","其他应付款","2026-01","2026-12","虚构指定科目模板证据92"
"T93","虚构事项093","其他应收款","其他应付款","2026-01","2026-12","虚构指定科目模板证据93"
"T94","虚构事项094","其他应收款","其他应付款","2026-01","2026-12","虚构指定科目模板证据94"
"T95","虚构事项095","其他应收款","其他应付款","2026-01","2026-12","虚构指定科目模板证据95"
"T96","虚构事项096","其他应收款","其他应付款","2026-01","2026-12","虚构指定科目模板证据96"
"T97","虚构事项097","其他应收款","其他应付款","2026-01","2026-12","虚构指定科目模板证据97"
"T98","虚构事项098","其他应收款","其他应付款","2026-01","2026-12","虚构指定科目模板证据98"
"T99","虚构事项099","其他应收款","其他应付款","2026-01","2026-12","虚构指定科目模板证据99"
"T100","虚构事项100","其他应收款","其他应付款","2026-01","2026-12","虚构指定科目模板证据100"
"T101","虚构事项101","其他应收款","其他应付款","2026-01","2026-12","虚构指定科目模板证据101"
"T102","虚构事项102","其他应收款","其他应付款","2026-01","2026-12","虚构指定科目模板证据102"
"T103","虚构事项103","其他应收款","其他应付款","2026-01","2026-12","虚构指定科目模板证据103"
"T104","虚构事项104","其他应收款","其他应付款","2026-01","2026-12","虚构指定科目模板证据104"
"T105","虚构事项105","其他应收款","其他应付款","2026-01","2026-12","虚构指定科目模板证据105"
"T106","虚构事项106","其他应收款","其他应付款","2026-01","2026-12","虚构指定科目模板证据106"
"T107","虚构事项107","其他应收款","其他应付款","2026-01","2026-12","虚构指定科目模板证据107"
"T108","虚构事项108","其他应收款","其他应付款","2026-01","2026-12","虚构指定科目模板证据108"
"T109","虚构事项109","其他应收款","其他应付款","2026-01","2026-12","虚构指定科目模板证据109"
"T110","虚构事项110","其他应收款","其他应付款","2026-01","2026-12","虚构指定科目模板证据110"
"T111","虚构事项111","其他应收款","其他应付款","2026-01","2026-12","虚构指定科目模板证据111"
"T112","虚构事项112","其他应收款","其他应付款","2026-01","2026-12","虚构指定科目模板证据112"
"T113","虚构事项113","其他应收款","其他应付款","2026-01","2026-12","虚构指定科目模板证据113"
"T114","虚构事项114","其他应收款","其他应付款","2026-01","2026-12","虚构指定科目模板证据114"
"T115","虚构事项115","其他应收款","其他应付款","2026-01","2026-12","虚构指定科目模板证据115"
"T116","虚构事项116","其他应收款","其他应付款","2026-01","2026-12","虚构指定科目模板证据116"
"T117","虚构事项117","其他应收款","其他应付款","2026-01","2026-12","虚构指定科目模板证据117"
"T118","虚构事项118","其他应收款","其他应付款","2026-01","2026-12","虚构指定科目模板证据118"
"T119","虚构事项119","其他应收款","其他应付款","2026-01","2026-12","虚构指定科目模板证据119"
"T120","虚构事项120","其他应收款","其他应付款","2026-01","2026-12","虚构指定科目模板证据120"
"T121","虚构事项121","其他应收款","其他应付款","2026-01","2026-12","虚构指定科目模板证据121"
"T122","虚构事项122","其他应收款","其他应付款","2026-01","2026-12","虚构指定科目模板证据122"
"T123","虚构事项123","其他应收款","其他应付款","2026-01","2026-12","虚构指定科目模板证据123"
"T124","虚构事项124","其他应收款","其他应付款","2026-01","2026-12","虚构指定科目模板证据124"
"T125","虚构事项125","其他应收款","其他应付款","2026-01","2026-12","虚构指定科目模板证据125"
"T126","虚构事项126","其他应收款","其他应付款","2026-01","2026-12","虚构指定科目模板证据126"
"T127","虚构事项127","其他应收款","其他应付款","2026-01","2026-12","虚构指定科目模板证据127"
"T128","虚构事项128","其他应收款","其他应付款","2026-01","2026-12","虚构指定科目模板证据128"
"T129","虚构事项129","其他应收款","其他应付款","2026-01","2026-12","虚构指定科目模板证据129"
"T130","虚构事项130","其他应收款","其他应付款","2026-01","2026-12","虚构指定科目模板证据130"
"T131","虚构事项131","其他应收款","其他应付款","2026-01","2026-12","虚构指定科目模板证据131"
"T132","虚构事项132","其他应收款","其他应付款","2026-01","2026-12","虚构指定科目模板证据132"
"T133","虚构事项133","其他应收款","其他应付款","2026-01","2026-12","虚构指定科目模板证据133"
"T134","虚构事项134","其他应收款","其他应付款","2026-01","2026-12","虚构指定科目模板证据134"
"T135","虚构事项135","其他应收款","其他应付款","2026-01","2026-12","虚构指定科目模板证据135"
"T136","虚构事项136","其他应收款","其他应付款","2026-01","2026-12","虚构指定科目模板证据136"
"T137","虚构事项137","其他应收款","其他应付款","2026-01","2026-12","虚构指定科目模板证据137"
"T138","虚构事项138","其他应收款","其他应付款","2026-01","2026-12","虚构指定科目模板证据138"
"T139","虚构事项139","其他应收款","其他应付款","2026-01","2026-12","虚构指定科目模板证据139"
"T140","虚构事项140","其他应收款","其他应付款","2026-01","2026-12","虚构指定科目模板证据140"
"T141","虚构事项141","其他应收款","其他应付款","2026-01","2026-12","虚构指定科目模板证据141"
"T142","虚构事项142","其他应收款","其他应付款","2026-01","2026-12","虚构指定科目模板证据142"
"T143","虚构事项143","其他应收款","其他应付款","2026-01","2026-12","虚构指定科目模板证据143"
"T144","虚构事项144","其他应收款","其他应付款","2026-01","2026-12","虚构指定科目模板证据144"
"T145","虚构事项145","其他应收款","其他应付款","2026-01","2026-12","虚构指定科目模板证据145"
"T146","虚构事项146","其他应收款","其他应付款","2026-01","2026-12","虚构指定科目模板证据146"
"T147","虚构事项147","其他应收款","其他应付款","2026-01","2026-12","虚构指定科目模板证据147"
"T148","虚构事项148","其他应收款","其他应付款","2026-01","2026-12","虚构指定科目模板证据148"
"T149","虚构事项149","其他应收款","其他应付款","2026-01","2026-12","虚构指定科目模板证据149"
"T150","虚构事项150","其他应收款","其他应付款","2026-01","2026-12","虚构指定科目模板证据150"
"T151","虚构事项151","其他应收款","其他应付款","2026-01","2026-12","虚构指定科目模板证据151"
"T152","虚构事项152","其他应收款","其他应付款","2026-01","2026-12","虚构指定科目模板证据152"
"T153","虚构事项153","其他应收款","其他应付款","2026-01","2026-12","虚构指定科目模板证据153"
"T154","虚构事项154","其他应收款","其他应付款","2026-01","2026-12","虚构指定科目模板证据154"
"T155","虚构事项155","其他应收款","其他应付款","2026-01","2026-12","虚构指定科目模板证据155"
"T156","虚构事项156","其他应收款","其他应付款","2026-01","2026-12","虚构指定科目模板证据156"
"T157","虚构事项157","其他应收款","其他应付款","2026-01","2026-12","虚构指定科目模板证据157"
"T158","虚构事项158","其他应收款","其他应付款","2026-01","2026-12","虚构指定科目模板证据158"
"T159","虚构事项159","其他应收款","其他应付款","2026-01","2026-12","虚构指定科目模板证据159"
"T160","虚构事项160","其他应收款","其他应付款","2026-01","2026-12","虚构指定科目模板证据160"
"T161","虚构事项161","其他应收款","其他应付款","2026-01","2026-12","虚构指定科目模板证据161"
"T162","虚构事项162","其他应收款","其他应付款","2026-01","2026-12","虚构指定科目模板证据162"
"T163","虚构事项163","其他应收款","其他应付款","2026-01","2026-12","虚构指定科目模板证据163"
"T164","虚构事项164","其他应收款","其他应付款","2026-01","2026-12","虚构指定科目模板证据164"
"T165","虚构事项165","其他应收款","其他应付款","2026-01","2026-12","虚构指定科目模板证据165"
"T166","虚构事项166","其他应收款","其他应付款","2026-01","2026-12","虚构指定科目模板证据166"
"T167","虚构事项167","其他应收款","其他应付款","2026-01","2026-12","虚构指定科目模板证据167"
"T168","虚构事项168","其他应收款","其他应付款","2026-01","2026-12","虚构指定科目模板证据168"
"T169","虚构事项169","其他应收款","其他应付款","2026-01","2026-12","虚构指定科目模板证据169"
"T170","虚构事项170","其他应收款","其他应付款","2026-01","2026-12","虚构指定科目模板证据170"
"T171","虚构事项171","其他应收款","其他应付款","2026-01","2026-12","虚构指定科目模板证据171"
"T172","虚构事项172","其他应收款","其他应付款","2026-01","2026-12","虚构指定科目模板证据172"
"T173","虚构事项173","其他应收款","其他应付款","2026-01","2026-12","虚构指定科目模板证据173"
"T174","虚构事项174","其他应收款","其他应付款","2026-01","2026-12","虚构指定科目模板证据174"
"T175","虚构事项175","其他应收款","其他应付款","2026-01","2026-12","虚构指定科目模板证据175"
"T176","虚构事项176","其他应收款","其他应付款","2026-01","2026-12","虚构指定科目模板证据176"
"T177","虚构事项177","其他应收款","其他应付款","2026-01","2026-12","虚构指定科目模板证据177"
"T178","虚构事项178","其他应收款","其他应付款","2026-01","2026-12","虚构指定科目模板证据178"
"T179","虚构事项179","其他应收款","其他应付款","2026-01","2026-12","虚构指定科目模板证据179"
"T180","虚构事项180","其他应收款","其他应付款","2026-01","2026-12","虚构指定科目模板证据180"
"T181","虚构事项181","其他应收款","其他应付款","2026-01","2026-12","虚构指定科目模板证据181"
"T182","虚构事项182","其他应收款","其他应付款","2026-01","2026-12","虚构指定科目模板证据182"
"T183","虚构事项183","其他应收款","其他应付款","2026-01","2026-12","虚构指定科目模板证据183"
"T184","虚构事项184","其他应收款","其他应付款","2026-01","2026-12","虚构指定科目模板证据184"
"T185","虚构事项185","其他应收款","其他应付款","2026-01","2026-12","虚构指定科目模板证据185"
"T186","虚构事项186","其他应收款","其他应付款","2026-01","2026-12","虚构指定科目模板证据186"
"T187","虚构事项187","其他应收款","其他应付款","2026-01","2026-12","虚构指定科目模板证据187"
"T188","虚构事项188","其他应收款","其他应付款","2026-01","2026-12","虚构指定科目模板证据188"
"T189","虚构事项189","其他应收款","其他应付款","2026-01","2026-12","虚构指定科目模板证据189"
"T190","虚构事项190","其他应收款","其他应付款","2026-01","2026-12","虚构指定科目模板证据190"
"T191","虚构事项191","其他应收款","其他应付款","2026-01","2026-12","虚构指定科目模板证据191"
"T192","虚构事项192","其他应收款","其他应付款","2026-01","2026-12","虚构指定科目模板证据192"
"T193","虚构事项193","其他应收款","其他应付款","2026-01","2026-12","虚构指定科目模板证据193"
"T194","虚构事项194","其他应收款","其他应付款","2026-01","2026-12","虚构指定科目模板证据194"
"T195","虚构事项195","其他应收款","其他应付款","2026-01","2026-12","虚构指定科目模板证据195"
"T196","虚构事项196","其他应收款","其他应付款","2026-01","2026-12","虚构指定科目模板证据196"
"T197","虚构事项197","其他应收款","其他应付款","2026-01","2026-12","虚构指定科目模板证据197"
"T198","虚构事项198","其他应收款","其他应付款","2026-01","2026-12","虚构指定科目模板证据198"
"T199","虚构事项199","其他应收款","其他应付款","2026-01","2026-12","虚构指定科目模板证据199"
"T200","虚构事项200","其他应收款","其他应付款","2026-01","2026-12","虚构指定科目模板证据200"
"T201","虚构事项201","其他应收款","其他应付款","2026-01","2026-12","虚构指定科目模板证据201"
"T202","虚构事项202","其他应收款","其他应付款","2026-01","2026-12","虚构指定科目模板证据202"
"T203","虚构事项203","其他应收款","其他应付款","2026-01","2026-12","虚构指定科目模板证据203"
"T204","虚构事项204","其他应收款","其他应付款","2026-01","2026-12","虚构指定科目模板证据204"
"T205","虚构事项205","其他应收款","其他应付款","2026-01","2026-12","虚构指定科目模板证据205"
"T206","虚构事项206","其他应收款","其他应付款","2026-01","2026-12","虚构指定科目模板证据206"
"T207","虚构事项207","其他应收款","其他应付款","2026-01","2026-12","虚构指定科目模板证据207"
"T208","虚构事项208","其他应收款","其他应付款","2026-01","2026-12","虚构指定科目模板证据208"
"T209","虚构事项209","其他应收款","其他应付款","2026-01","2026-12","虚构指定科目模板证据209"
"T210","虚构事项210","其他应收款","其他应付款","2026-01","2026-12","虚构指定科目模板证据210"
"T211","虚构事项211","其他应收款","其他应付款","2026-01","2026-12","虚构指定科目模板证据211"
"T212","虚构事项212","其他应收款","其他应付款","2026-01","2026-12","虚构指定科目模板证据212"
"T213","虚构事项213","其他应收款","其他应付款","2026-01","2026-12","虚构指定科目模板证据213"
"T214","虚构事项214","其他应收款","其他应付款","2026-01","2026-12","虚构指定科目模板证据214"
"T215","虚构事项215","其他应收款","其他应付款","2026-01","2026-12","虚构指定科目模板证据215"
"T216","虚构事项216","其他应收款","其他应付款","2026-01","2026-12","虚构指定科目模板证据216"
"T217","虚构事项217","其他应收款","其他应付款","2026-01","2026-12","虚构指定科目模板证据217"
"T218","虚构事项218","其他应收款","其他应付款","2026-01","2026-12","虚构指定科目模板证据218"
"T219","虚构事项219","其他应收款","其他应付款","2026-01","2026-12","虚构指定科目模板证据219"
"T220","虚构事项220","其他应收款","其他应付款","2026-01","2026-12","虚构指定科目模板证据220"
"T221","虚构事项221","其他应收款","其他应付款","2026-01","2026-12","虚构指定科目模板证据221"
"T222","虚构事项222","其他应收款","其他应付款","2026-01","2026-12","虚构指定科目模板证据222"
"T223","虚构事项223","其他应收款","其他应付款","2026-01","2026-12","虚构指定科目模板证据223"
"T224","虚构事项224","其他应收款","其他应付款","2026-01","2026-12","虚构指定科目模板证据224"
"T225","虚构事项225","其他应收款","其他应付款","2026-01","2026-12","虚构指定科目模板证据225"
"T226","虚构事项226","其他应收款","其他应付款","2026-01","2026-12","虚构指定科目模板证据226"
"T227","虚构事项227","其他应收款","其他应付款","2026-01","2026-12","虚构指定科目模板证据227"
"T228","虚构事项228","其他应收款","其他应付款","2026-01","2026-12","虚构指定科目模板证据228"
"T229","虚构事项229","其他应收款","其他应付款","2026-01","2026-12","虚构指定科目模板证据229"
"T230","虚构事项230","其他应收款","其他应付款","2026-01","2026-12","虚构指定科目模板证据230"
"T231","虚构事项231","其他应收款","其他应付款","2026-01","2026-12","虚构指定科目模板证据231"
"T232","虚构事项232","其他应收款","其他应付款","2026-01","2026-12","虚构指定科目模板证据232"
"T233","虚构事项233","其他应收款","其他应付款","2026-01","2026-12","虚构指定科目模板证据233"
"T234","虚构事项234","其他应收款","其他应付款","2026-01","2026-12","虚构指定科目模板证据234"
"T235","虚构事项235","其他应收款","其他应付款","2026-01","2026-12","虚构指定科目模板证据235"
"T236","虚构事项236","其他应收款","其他应付款","2026-01","2026-12","虚构指定科目模板证据236"
"T237","虚构事项237","其他应收款","其他应付款","2026-01","2026-12","虚构指定科目模板证据237"
"T238","虚构事项238","其他应收款","其他应付款","2026-01","2026-12","虚构指定科目模板证据238"
"T239","虚构事项239","其他应收款","其他应付款","2026-01","2026-12","虚构指定科目模板证据239"
"T240","虚构事项240","其他应收款","其他应付款","2026-01","2026-12","虚构指定科目模板证据240"
"T241","虚构事项241","其他应收款","其他应付款","2026-01","2026-12","虚构指定科目模板证据241"
"T242","虚构事项242","其他应收款","其他应付款","2026-01","2026-12","虚构指定科目模板证据242"
"T243","虚构事项243","其他应收款","其他应付款","2026-01","2026-12","虚构指定科目模板证据243"
"T244","虚构事项244","其他应收款","其他应付款","2026-01","2026-12","虚构指定科目模板证据244"
"T245","虚构事项245","其他应收款","其他应付款","2026-01","2026-12","虚构指定科目模板证据245"
"T246","虚构事项246","其他应收款","其他应付款","2026-01","2026-12","虚构指定科目模板证据246"
"T247","虚构事项247","其他应收款","其他应付款","2026-01","2026-12","虚构指定科目模板证据247"
"T248","虚构事项248","其他应收款","其他应付款","2026-01","2026-12","虚构指定科目模板证据248"
"T249","虚构事项249","其他应收款","其他应付款","2026-01","2026-12","虚构指定科目模板证据249"
"T250","虚构事项250","其他应收款","其他应付款","2026-01","2026-12","虚构指定科目模板证据250"
"T251","虚构事项251","其他应收款","其他应付款","2026-01","2026-12","虚构指定科目模板证据251"
"T252","虚构事项252","其他应收款","其他应付款","2026-01","2026-12","虚构指定科目模板证据252"
"T253","虚构事项253","其他应收款","其他应付款","2026-01","2026-12","虚构指定科目模板证据253"
"T254","虚构事项254","其他应收款","其他应付款","2026-01","2026-12","虚构指定科目模板证据254"
"T255","虚构事项255","其他应收款","其他应付款","2026-01","2026-12","虚构指定科目模板证据255"
"T256","虚构事项256","其他应收款","其他应付款","2026-01","2026-12","虚构指定科目模板证据256"
"T257","虚构事项257","其他应收款","其他应付款","2026-01","2026-12","虚构指定科目模板证据257"
"T258","虚构事项258","其他应收款","其他应付款","2026-01","2026-12","虚构指定科目模板证据258"
"T259","虚构事项259","其他应收款","其他应付款","2026-01","2026-12","虚构指定科目模板证据259"
"T260","虚构事项260","其他应收款","其他应付款","2026-01","2026-12","虚构指定科目模板证据260"
"T261","虚构事项261","其他应收款","其他应付款","2026-01","2026-12","虚构指定科目模板证据261"
"T262","虚构事项262","其他应收款","其他应付款","2026-01","2026-12","虚构指定科目模板证据262"
"T263","虚构事项263","其他应收款","其他应付款","2026-01","2026-12","虚构指定科目模板证据263"
"T264","虚构事项264","其他应收款","其他应付款","2026-01","2026-12","虚构指定科目模板证据264"
"T265","虚构事项265","其他应收款","其他应付款","2026-01","2026-12","虚构指定科目模板证据265"
"T266","虚构事项266","其他应收款","其他应付款","2026-01","2026-12","虚构指定科目模板证据266"
"T267","虚构事项267","其他应收款","其他应付款","2026-01","2026-12","虚构指定科目模板证据267"
"T268","虚构事项268","其他应收款","其他应付款","2026-01","2026-12","虚构指定科目模板证据268"
"T269","虚构事项269","其他应收款","其他应付款","2026-01","2026-12","虚构指定科目模板证据269"
"T270","虚构事项270","其他应收款","其他应付款","2026-01","2026-12","虚构指定科目模板证据270"
"T271","虚构事项271","其他应收款","其他应付款","2026-01","2026-12","虚构指定科目模板证据271"
"T272","虚构事项272","其他应收款","其他应付款","2026-01","2026-12","虚构指定科目模板证据272"
"T273","虚构事项273","其他应收款","其他应付款","2026-01","2026-12","虚构指定科目模板证据273"
"T274","虚构事项274","其他应收款","其他应付款","2026-01","2026-12","虚构指定科目模板证据274"
"T275","虚构事项275","其他应收款","其他应付款","2026-01","2026-12","虚构指定科目模板证据275"
"T276","虚构事项276","其他应收款","其他应付款","2026-01","2026-12","虚构指定科目模板证据276"
"T277","虚构事项277","其他应收款","其他应付款","2026-01","2026-12","虚构指定科目模板证据277"
"T278","虚构事项278","其他应收款","其他应付款","2026-01","2026-12","虚构指定科目模板证据278"
"T279","虚构事项279","其他应收款","其他应付款","2026-01","2026-12","虚构指定科目模板证据279"
"T280","虚构事项280","其他应收款","其他应付款","2026-01","2026-12","虚构指定科目模板证据280"
"T281","虚构事项281","其他应收款","其他应付款","2026-01","2026-12","虚构指定科目模板证据281"
"T282","虚构事项282","其他应收款","其他应付款","2026-01","2026-12","虚构指定科目模板证据282"
"T283","虚构事项283","其他应收款","其他应付款","2026-01","2026-12","虚构指定科目模板证据283"
"T284","虚构事项284","其他应收款","其他应付款","2026-01","2026-12","虚构指定科目模板证据284"
"T285","虚构事项285","其他应收款","其他应付款","2026-01","2026-12","虚构指定科目模板证据285"
"T286","虚构事项286","其他应收款","其他应付款","2026-01","2026-12","虚构指定科目模板证据286"
"T287","虚构事项287","其他应收款","其他应付款","2026-01","2026-12","虚构指定科目模板证据287"
"T288","虚构事项288","其他应收款","其他应付款","2026-01","2026-12","虚构指定科目模板证据288"
"T289","虚构事项289","其他应收款","其他应付款","2026-01","2026-12","虚构指定科目模板证据289"
"T290","虚构事项290","其他应收款","其他应付款","2026-01","2026-12","虚构指定科目模板证据290"
"T291","虚构事项291","其他应收款","其他应付款","2026-01","2026-12","虚构指定科目模板证据291"
"T292","虚构事项292","其他应收款","其他应付款","2026-01","2026-12","虚构指定科目模板证据292"
"T293","虚构事项293","其他应收款","其他应付款","2026-01","2026-12","虚构指定科目模板证据293"
"T294","虚构事项294","其他应收款","其他应付款","2026-01","2026-12","虚构指定科目模板证据294"
"T295","虚构事项295","其他应收款","其他应付款","2026-01","2026-12","虚构指定科目模板证据295"
"T296","虚构事项296","其他应收款","其他应付款","2026-01","2026-12","虚构指定科目模板证据296"
"T297","虚构事项297","其他应收款","其他应付款","2026-01","2026-12","虚构指定科目模板证据297"
"T298","虚构事项298","其他应收款","其他应付款","2026-01","2026-12","虚构指定科目模板证据298"
"T299","虚构事项299","其他应收款","其他应付款","2026-01","2026-12","虚构指定科目模板证据299"
"T300","虚构事项300","其他应收款","其他应付款","2026-01","2026-12","虚构指定科目模板证据300"
"T301","虚构事项301","其他应收款","其他应付款","2026-01","2026-12","虚构指定科目模板证据301"
"T302","虚构事项302","其他应收款","其他应付款","2026-01","2026-12","虚构指定科目模板证据302"