"组织编码","组织名称","科目编码","科目名称","期间","类型","情景","金额","币种","单位","依据"
"001","虚构甲公司","4001","营业收入","2026-01","预测","基准","100","CNY","元","虚构年度基准"
"001","虚构甲公司","4001","营业收入","2026-01","实际","通用","90","CNY","元","虚构已结账"
"001","虚构甲公司","5001","营业成本","2026-01","预测","基准","60","CNY","元","虚构年度基准"
"001","虚构甲公司","5001","营业成本","2026-01","实际","通用","55","CNY","元","虚构已结账"
"001","虚构甲公司","4001","营业收入","2026-02","预测","基准","100","CNY","元","虚构年度基准"
"001","虚构甲公司","4001","营业收入","2026-02","实际","通用","110","CNY","元","虚构已结账"
"001","虚构甲公司","5001","营业成本","2026-02","预测","基准","60","CNY","元","虚构年度基准"
"001","虚构甲公司","5001","营业成本","2026-02","实际","通用","55","CNY","元","虚构已结账"
"001","虚构甲公司","4001","营业收入","2026-03","预测","基准","100","CNY","元","虚构年度基准"
"001","虚构甲公司","4001","营业收入","2026-03","暂估","通用","105","CNY","元","虚构未结账暂估"
"001","虚构甲公司","5001","营业成本","2026-03","预测","基准","60","CNY","元","虚构年度基准"
"001","虚构甲公司","5001","营业成本","2026-03","暂估","通用","58","CNY","元","虚构未结账暂估"
"001","虚构甲公司","4001","营业收入","2026-04","预测","基准","100","CNY","元","虚构年度基准"
"001","虚构甲公司","5001","营业成本","2026-04","预测","基准","60","CNY","元","虚构年度基准"
"001","虚构甲公司","4001","营业收入","2026-05","预测","基准","100","CNY","元","虚构年度基准"
"001","虚构甲公司","5001","营业成本","2026-05","预测","基准","60","CNY","元","虚构年度基准"
"001","虚构甲公司","4001","营业收入","2026-06","预测","基准","100","CNY","元","虚构年度基准"
"001","虚构甲公司","5001","营业成本","2026-06","预测","基准","60","CNY","元","虚构年度基准"
"001","虚构甲公司","4001","营业收入","2026-07","预测","基准","100","CNY","元","虚构年度基准"
"001","虚构甲公司","5001","营业成本","2026-07","预测","基准","60","CNY","元","虚构年度基准"
"001","虚构甲公司","4001","营业收入","2026-08","预测","基准","100","CNY","元","虚构年度基准"
"001","虚构甲公司","5001","营业成本","2026-08","预测","基准","60","CNY","元","虚构年度基准"
"001","虚构甲公司","4001","营业收入","2026-09","预测","基准","100","CNY","元","虚构年度基准"
"001","虚构甲公司","5001","营业成本","2026-09","预测","基准","60","CNY","元","虚构年度基准"
"001","虚构甲公司","4001","营业收入","2026-10","预测","基准","100","CNY","元","虚构年度基准"
"001","虚构甲公司","5001","营业成本","2026-10","预测","基准","60","CNY","元","虚构年度基准"
"001","虚构甲公司","4001","营业收入","2026-11","预测","基准","100","CNY","元","虚构年度基准"
"001","虚构甲公司","5001","营业成本","2026-11","预测","基准","60","CNY","元","虚构年度基准"
"001","虚构甲公司","4001","营业收入","2026-12","预测","基准","100","CNY","元","虚构年度基准"
"001","虚构甲公司","5001","营业成本","2026-12","预测","基准","60","CNY","元","虚构年度基准"