"项目ID","报表","项目名称","分组","类型","合计组成","确认零"
"CA1","BS","货币资金","流动资产","明细","","是"
"CA2","BS","交易性金融资产","流动资产","明细","","是"
"CA3","BS","衍生金融资产","流动资产","明细","","是"
"CA4","BS","应收票据","流动资产","明细","","是"
"CA5","BS","应收账款","流动资产","明细","","是"
"CA6","BS","应收款项融资","流动资产","明细","","是"
"CA7","BS","预付款项","流动资产","明细","","是"
"CA8","BS","其他应收款","流动资产","明细","","是"
"CA9","BS","存货","流动资产","明细","","是"
"CA10","BS","合同资产","流动资产","明细","","是"
"CA11","BS","持有待售资产","流动资产","明细","","是"
"CA12","BS","一年内到期的非流动资产","流动资产","明细","","是"
"CA13","BS","其他流动资产","流动资产","明细","","是"
"CA_SUM","BS","流动资产合计","资产合计","合计","CA1*1;CA2*1;CA3*1;CA4*1;CA5*1;CA6*1;CA7*1;CA8*1;CA9*1;CA10*1;CA11*1;CA12*1;CA13*1","是"
"NA1","BS","债权投资","非流动资产","明细","","是"
"NA2","BS","其他债权投资","非流动资产","明细","","是"
"NA3","BS","长期应收款","非流动资产","明细","","是"
"NA4","BS","长期股权投资","非流动资产","明细","","是"
"NA5","BS","其他权益工具投资","非流动资产","明细","","是"
"NA6","BS","其他非流动金融资产","非流动资产","明细","","是"
"NA7","BS","投资性房地产","非流动资产","明细","","是"
"NA8","BS","固定资产","非流动资产","明细","","是"
"NA9","BS","在建工程","非流动资产","明细","","是"
"NA10","BS","生产性生物资产","非流动资产","明细","","是"
"NA11","BS","油气资产","非流动资产","明细","","是"
"NA12","BS","使用权资产","非流动资产","明细","","是"
"NA13","BS","无形资产","非流动资产","明细","","是"
"NA14","BS","开发支出","非流动资产","明细","","是"
"NA15","BS","商誉","非流动资产","明细","","是"
"NA16","BS","长期待摊费用","非流动资产","明细","","是"
"NA17","BS","递延所得税资产","非流动资产","明细","","是"
"NA18","BS","其他非流动资产","非流动资产","明细","","是"
"NA_SUM","BS","非流动资产合计","资产合计","合计","NA1*1;NA2*1;NA3*1;NA4*1;NA5*1;NA6*1;NA7*1;NA8*1;NA9*1;NA10*1;NA11*1;NA12*1;NA13*1;NA14*1;NA15*1;NA16*1;NA17*1;NA18*1","是"
"CL1","BS","短期借款","流动负债","明细","","是"
"CL2","BS","交易性金融负债","流动负债","明细","","是"
"CL3","BS","衍生金融负债","流动负债","明细","","是"
"CL4","BS","应付票据","流动负债","明细","","是"
"CL5","BS","应付账款","流动负债","明细","","是"
"CL6","BS","预收款项","流动负债","明细","","是"
"CL7","BS","合同负债","流动负债","明细","","是"
"CL8","BS","应付职工薪酬","流动负债","明细","","是"
"CL9","BS","应交税费","流动负债","明细","","是"
"CL10","BS","其他应付款","流动负债","明细","","是"
"CL11","BS","持有待售负债","流动负债","明细","","是"
"CL12","BS","一年内到期的非流动负债","流动负债","明细","","是"
"CL13","BS","其他流动负债","流动负债","明细","","是"
"CL_SUM","BS","流动负债合计","负债合计","合计","CL1*1;CL2*1;CL3*1;CL4*1;CL5*1;CL6*1;CL7*1;CL8*1;CL9*1;CL10*1;CL11*1;CL12*1;CL13*1","是"
"NL1","BS","长期借款","非流动负债","明细","","是"
"NL2","BS","应付债券","非流动负债","明细","","是"
"NL3","BS","租赁负债","非流动负债","明细","","是"
"NL4","BS","长期应付款","非流动负债","明细","","是"
"NL5","BS","预计负债","非流动负债","明细","","是"
"NL6","BS","递延收益","非流动负债","明细","","是"
"NL7","BS","递延所得税负债","非流动负债","明细","","是"
"NL8","BS","其他非流动负债","非流动负债","明细","","是"
"NL_SUM","BS","非流动负债合计","负债合计","合计","NL1*1;NL2*1;NL3*1;NL4*1;NL5*1;NL6*1;NL7*1;NL8*1","是"
"EQ1","BS","实收资本（或股本）","权益","明细","","是"
"EQ2","BS","其他权益工具","权益","明细","","是"
"EQ3","BS","资本公积","权益","明细","","是"
"EQ4","BS","库存股","权益减项","明细","","是"
"EQ5","BS","其他综合收益","权益","明细","","是"
"EQ6","BS","专项储备","权益","明细","","是"
"EQ7","BS","盈余公积","权益","明细","","是"
"EQ8","BS","未分配利润","权益","明细","","是"
"EQ_SUM","BS","权益合计","权益合计","合计","EQ1*1;EQ2*1;EQ3*1;EQ4*-1;EQ5*1;EQ6*1;EQ7*1;EQ8*1","是"
"ASSETS","BS","资产总计","资产合计","合计","CA_SUM*1;NA_SUM*1","是"
"LIABS","BS","负债合计","负债合计","合计","CL_SUM*1;NL_SUM*1","是"
"LE","BS","负债和所有者权益总计","负债权益合计","合计","LIABS*1;EQ_SUM*1","是"
"P1","PL","营业收入","损益","明细","","是"
"P2","PL","营业成本","损益","明细","","是"
"P3","PL","税金及附加","损益","明细","","是"
"P4","PL","销售费用","损益","明细","","是"
"P5","PL","管理费用","损益","明细","","是"
"P6","PL","研发费用","损益","明细","","是"
"P7","PL","财务费用","损益","明细","","是"
"P8","PL","其他收益","损益","明细","","是"
"P9","PL","投资收益","损益","明细","","是"
"P10","PL","净敞口套期收益","损益","明细","","是"
"P11","PL","公允价值变动收益","损益","明细","","是"
"P12","PL","信用减值损失","损益","明细","","是"
"P13","PL","资产减值损失","损益","明细","","是"
"P14","PL","资产处置收益","损益","明细","","是"
"OPERATING","PL","营业利润","损益","合计","P1*1;P2*-1;P3*-1;P4*-1;P5*-1;P6*-1;P7*-1;P8*1;P9*1;P10*1;P11*1;P12*1;P13*1;P14*1","是"
"P15","PL","营业外收入","损益","明细","","是"
"P16","PL","营业外支出","损益","明细","","是"
"PRETAX","PL","利润总额","损益","合计","OPERATING*1;P15*1;P16*-1","是"
"P17","PL","所得税费用","损益","明细","","是"
"NET","PL","净利润","损益","合计","PRETAX*1;P17*-1","是"
"MEMO_INT_COST","PL","其中：利息费用","损益","其中","","是"
"MEMO_INT_INCOME","PL","其中：利息收入","损益","其中","","是"
