"主体","期间","币种","单位","科目编码","科目名称","明细键","资料性质","借方","贷方"
"虚构星河公司","2025-12","CNY","元","1001","银行","汇总","期末余额","1000","0"
"虚构星河公司","2024-12","CNY","元","1001","银行","汇总","期末余额","800","0"
"虚构星河公司","2025-12","CNY","元","1122","应收","汇总","期末余额","300","0"
"虚构星河公司","2024-12","CNY","元","1122","应收","汇总","期末余额","200","0"
"虚构星河公司","2025-12","CNY","元","1231","坏账","汇总","期末余额","0","20"
"虚构星河公司","2024-12","CNY","元","1231","坏账","汇总","期末余额","0","10"
"虚构星河公司","2025-12","CNY","元","1601","设备","汇总","期末余额","500","0"
"虚构星河公司","2024-12","CNY","元","1601","设备","汇总","期末余额","400","0"
"虚构星河公司","2025-12","CNY","元","1602","折旧","汇总","期末余额","0","100"
"虚构星河公司","2024-12","CNY","元","1602","折旧","汇总","期末余额","0","80"
"虚构星河公司","2025-12","CNY","元","2202","应付","汇总","期末余额","0","200"
"虚构星河公司","2024-12","CNY","元","2202","应付","汇总","期末余额","0","150"
"虚构星河公司","2025-12","CNY","元","4001","资本","汇总","期末余额","0","1000"
"虚构星河公司","2024-12","CNY","元","4001","资本","汇总","期末余额","0","1000"
"虚构星河公司","2025-12","CNY","元","4104","留存","汇总","期末余额","0","480"
"虚构星河公司","2024-12","CNY","元","4104","留存","汇总","期末余额","0","160"
"虚构星河公司","2025-12","CNY","元","6001","销售","汇总","损益发生额","0","1000"
"虚构星河公司","2024-12","CNY","元","6001","销售","汇总","损益发生额","0","800"
"虚构星河公司","2025-12","CNY","元","6401","成本","汇总","损益发生额","600","0"
"虚构星河公司","2024-12","CNY","元","6401","成本","汇总","损益发生额","500","0"
"虚构星河公司","2025-12","CNY","元","6602","管理","汇总","损益发生额","100","0"
"虚构星河公司","2024-12","CNY","元","6602","管理","汇总","损益发生额","80","0"
"虚构星河公司","2025-12","CNY","元","6117","收益","汇总","损益发生额","0","30"
"虚构星河公司","2024-12","CNY","元","6117","收益","汇总","损益发生额","0","20"
"虚构星河公司","2025-12","CNY","元","6701","减值","汇总","损益发生额","20","0"
"虚构星河公司","2024-12","CNY","元","6701","减值","汇总","损益发生额","10","0"
"虚构星河公司","2025-12","CNY","元","6801","税","汇总","损益发生额","50","0"
"虚构星河公司","2024-12","CNY","元","6801","税","汇总","损益发生额","40","0"
