"映射ID","报表","科目编码","明细键","项目ID","方向","系数","依据"
"M1001","BS","1001","汇总","CA1","借-贷","1","虚构公司人工确认的报表分类"
"M1122","BS","1122","汇总","CA5","借-贷","1","虚构公司人工确认的报表分类"
"M1231","BS","1231","汇总","CA5","贷-借","-1","虚构公司人工确认的报表分类"
"M1601","BS","1601","汇总","NA8","借-贷","1","虚构公司人工确认的报表分类"
"M1602","BS","1602","汇总","NA8","贷-借","-1","虚构公司人工确认的报表分类"
"M2202","BS","2202","汇总","CL5","贷-借","1","虚构公司人工确认的报表分类"
"M4001","BS","4001","汇总","EQ1","贷-借","1","虚构公司人工确认的报表分类"
"M4104","BS","4104","汇总","EQ8","贷-借","1","虚构公司人工确认的报表分类"
"M6001","PL","6001","汇总","P1","贷-借","1","虚构公司人工确认的报表分类"
"M6401","PL","6401","汇总","P2","借-贷","1","虚构公司人工确认的报表分类"
"M6602","PL","6602","汇总","P5","借-贷","1","虚构公司人工确认的报表分类"
"M6117","PL","6117","汇总","P8","贷-借","1","虚构公司人工确认的报表分类"
"M6701","PL","6701","汇总","P12","贷-借","1","虚构公司人工确认的报表分类"
"M6801","PL","6801","汇总","P17","借-贷","1","虚构公司人工确认的报表分类"
