"记录ID","主体ID","对方原编码","事项","方向","余额","科目","减值准备","期间","币种","单位","依据"
"R1","E1","虚构别名E2","虚构事项001","借","0","其他应收款","0","2026-09","CNY","元","虚构期末独立清单1借"
"R2","E2","虚构别名E1","虚构事项001","贷","0","其他应付款","0","2026-09","CNY","元","虚构期末独立清单1贷"
"R3","E2","虚构别名E1","虚构事项002","借","200.123456","其他应收款","0","2026-09","CNY","元","虚构期末独立清单2借"
"R4","E1","虚构别名E2","虚构事项002","贷","200.123456","其他应付款","0","2026-09","CNY","元","虚构期末独立清单2贷"
"R5","E3","虚构别名E4","虚构事项003","借","300.123456","其他应收款","0","2026-09","CNY","元","虚构期末独立清单3借"
"R6","E4","虚构别名E3","虚构事项003","贷","300.123456","其他应付款","0","2026-09","CNY","元","虚构期末独立清单3贷"
"R7","E4","虚构别名E3","虚构事项004","借","400.123456","其他应收款","0","2026-09","CNY","元","虚构期末独立清单4借"
"R8","E3","虚构别名E4","虚构事项004","贷","400.123456","其他应付款","0","2026-09","CNY","元","虚构期末独立清单4贷"
"R9","E5","虚构别名E6","虚构事项005","借","500.123456","其他应收款","0","2026-09","CNY","元","虚构期末独立清单5借"
"R10","E6","虚构别名E5","虚构事项005","贷","500.123456","其他应付款","0","2026-09","CNY","元","虚构期末独立清单5贷"
"R11","E6","虚构别名E5","虚构事项006","借","600.123456","其他应收款","0","2026-09","CNY","元","虚构期末独立清单6借"
"R12","E5","虚构别名E6","虚构事项006","贷","600.123456","其他应付款","0","2026-09","CNY","元","虚构期末独立清单6贷"
"R13","E7","虚构别名E8","虚构事项007","借","700.123456","其他应收款","0","2026-09","CNY","元","虚构期末独立清单7借"
"R14","E8","虚构别名E7","虚构事项007","贷","700.123456","其他应付款","0","2026-09","CNY","元","虚构期末独立清单7贷"
"R15","E8","虚构别名E7","虚构事项008","借","800.123456","其他应收款","0","2026-09","CNY","元","虚构期末独立清单8借"
"R16","E7","虚构别名E8","虚构事项008","贷","800.123456","其他应付款","0","2026-09","CNY","元","虚构期末独立清单8贷"
"R17","E9","虚构别名E10","虚构事项009","借","900.123456","其他应收款","0","2026-09","CNY","元","虚构期末独立清单9借"
"R18","E10","虚构别名E9","虚构事项009","贷","900.123456","其他应付款","0","2026-09","CNY","元","虚构期末独立清单9贷"
"R19","E10","虚构别名E9","虚构事项010","借","1000.123456","其他应收款","0","2026-09","CNY","元","虚构期末独立清单10借"
"R20","E9","虚构别名E10","虚构事项010","贷","1000.123456","其他应付款","0","2026-09","CNY","元","虚构期末独立清单10贷"
"R21","E11","虚构别名E12","虚构事项011","借","1100.123456","其他应收款","0","2026-09","CNY","元","虚构期末独立清单11借"
"R22","E12","虚构别名E11","虚构事项011","贷","1100.123456","其他应付款","0","2026-09","CNY","元","虚构期末独立清单11贷"
"R23","E12","虚构别名E11","虚构事项012","借","1200.123456","其他应收款","0","2026-09","CNY","元","虚构期末独立清单12借"
"R24","E11","虚构别名E12","虚构事项012","贷","1200.123456","其他应付款","0","2026-09","CNY","元","虚构期末独立清单12贷"
"R25","E13","虚构别名E14","虚构事项013","借","1300.123456","其他应收款","0","2026-09","CNY","元","虚构期末独立清单13借"
"R26","E14","虚构别名E13","虚构事项013","贷","1300.123456","其他应付款","0","2026-09","CNY","元","虚构期末独立清单13贷"
"R27","E14","虚构别名E13","虚构事项014","借","1400.123456","其他应收款","0","2026-09","CNY","元","虚构期末独立清单14借"
"R28","E13","虚构别名E14","虚构事项014","贷","1400.123456","其他应付款","0","2026-09","CNY","元","虚构期末独立清单14贷"
"R29","E15","虚构别名E16","虚构事项015","借","1500.123456","其他应收款","0","2026-09","CNY","元","虚构期末独立清单15借"
"R30","E16","虚构别名E15","虚构事项015","贷","1500.123456","其他应付款","0","2026-09","CNY","元","虚构期末独立清单15贷"
"R31","E16","虚构别名E15","虚构事项016","借","1600.123456","其他应收款","0","2026-09","CNY","元","虚构期末独立清单16借"
"R32","E15","虚构别名E16","虚构事项016","贷","1600.123456","其他应付款","0","2026-09","CNY","元","虚构期末独立清单16贷"
"R33","E17","虚构别名E18","虚构事项017","借","1700.123456","其他应收款","0","2026-09","CNY","元","虚构期末独立清单17借"
"R34","E18","虚构别名E17","虚构事项017","贷","1700.123456","其他应付款","0","2026-09","CNY","元","虚构期末独立清单17贷"
"R35","E18","虚构别名E17","虚构事项018","借","1800.123456","其他应收款","0","2026-09","CNY","元","虚构期末独立清单18借"
"R36","E17","虚构别名E18","虚构事项018","贷","1800.123456","其他应付款","0","2026-09","CNY","元","虚构期末独立清单18贷"
"R37","E19","虚构别名E20","虚构事项019","借","1900.123456","其他应收款","0","2026-09","CNY","元","虚构期末独立清单19借"
"R38","E20","虚构别名E19","虚构事项019","贷","1900.123456","其他应付款","0","2026-09","CNY","元","虚构期末独立清单19贷"
"R39","E20","虚构别名E19","虚构事项020","借","2000.123456","其他应收款","0","2026-09","CNY","元","虚构期末独立清单20借"
"R40","E19","虚构别名E20","虚构事项020","贷","2000.123456","其他应付款","0","2026-09","CNY","元","虚构期末独立清单20贷"
"R41","E21","虚构别名E22","虚构事项021","借","2100.123456","其他应收款","0","2026-09","CNY","元","虚构期末独立清单21借"
"R42","E22","虚构别名E21","虚构事项021","贷","2100.123456","其他应付款","0","2026-09","CNY","元","虚构期末独立清单21贷"
"R43","E22","虚构别名E21","虚构事项022","借","2200.123456","其他应收款","0","2026-09","CNY","元","虚构期末独立清单22借"
"R44","E21","虚构别名E22","虚构事项022","贷","2200.123456","其他应付款","0","2026-09","CNY","元","虚构期末独立清单22贷"
"R45","E23","虚构别名E24","虚构事项023","借","2300.123456","其他应收款","0","2026-09","CNY","元","虚构期末独立清单23借"
"R46","E24","虚构别名E23","虚构事项023","贷","2300.123456","其他应付款","0","2026-09","CNY","元","虚构期末独立清单23贷"
"R47","E24","虚构别名E23","虚构事项024","借","2400.123456","其他应收款","0","2026-09","CNY","元","虚构期末独立清单24借"
"R48","E23","虚构别名E24","虚构事项024","贷","2400.123456","其他应付款","0","2026-09","CNY","元","虚构期末独立清单24贷"
"R49","E25","虚构别名E26","虚构事项025","借","2500.123456","其他应收款","0","2026-09","CNY","元","虚构期末独立清单25借"
"R50","E26","虚构别名E25","虚构事项025","贷","2500.123456","其他应付款","0","2026-09","CNY","元","虚构期末独立清单25贷"
"R51","E26","虚构别名E25","虚构事项026","借","2600.123456","其他应收款","0","2026-09","CNY","元","虚构期末独立清单26借"
"R52","E25","虚构别名E26","虚构事项026","贷","2600.123456","其他应付款","0","2026-09","CNY","元","虚构期末独立清单26贷"
"R53","E1","虚构别名E2","虚构事项027","借","2700.123456","其他应收款","0","2026-09","CNY","元","虚构期末独立清单27借"
"R54","E2","虚构别名E1","虚构事项027","贷","2700.123456","其他应付款","0","2026-09","CNY","元","虚构期末独立清单27贷"
"R55","E2","虚构别名E1","虚构事项028","借","2800.123456","其他应收款","0","2026-09","CNY","元","虚构期末独立清单28借"
"R56","E1","虚构别名E2","虚构事项028","贷","2800.123456","其他应付款","0","2026-09","CNY","元","虚构期末独立清单28贷"
"R57","E3","虚构别名E4","虚构事项029","借","2900.123456","其他应收款","0","2026-09","CNY","元","虚构期末独立清单29借"
"R58","E4","虚构别名E3","虚构事项029","贷","2900.123456","其他应付款","0","2026-09","CNY","元","虚构期末独立清单29贷"
"R59","E4","虚构别名E3","虚构事项030","借","3000.123456","其他应收款","0","2026-09","CNY","元","虚构期末独立清单30借"
"R60","E3","虚构别名E4","虚构事项030","贷","3000.123456","其他应付款","0","2026-09","CNY","元","虚构期末独立清单30贷"
"R61","E5","虚构别名E6","虚构事项031","借","3100.123456","其他应收款","0","2026-09","CNY","元","虚构期末独立清单31借"
"R62","E6","虚构别名E5","虚构事项031","贷","3100.123456","其他应付款","0","2026-09","CNY","元","虚构期末独立清单31贷"
"R63","E6","虚构别名E5","虚构事项032","借","3200.123456","其他应收款","0","2026-09","CNY","元","虚构期末独立清单32借"
"R64","E5","虚构别名E6","虚构事项032","贷","3200.123456","其他应付款","0","2026-09","CNY","元","虚构期末独立清单32贷"
"R65","E7","虚构别名E8","虚构事项033","借","3300.123456","其他应收款","0","2026-09","CNY","元","虚构期末独立清单33借"
"R66","E8","虚构别名E7","虚构事项033","贷","3300.123456","其他应付款","0","2026-09","CNY","元","虚构期末独立清单33贷"
"R67","E8","虚构别名E7","虚构事项034","借","3400.123456","其他应收款","0","2026-09","CNY","元","虚构期末独立清单34借"
"R68","E7","虚构别名E8","虚构事项034","贷","3400.123456","其他应付款","0","2026-09","CNY","元","虚构期末独立清单34贷"
"R69","E9","虚构别名E10","虚构事项035","借","3500.123456","其他应收款","0","2026-09","CNY","元","虚构期末独立清单35借"
"R70","E10","虚构别名E9","虚构事项035","贷","3500.123456","其他应付款","0","2026-09","CNY","元","虚构期末独立清单35贷"
"R71","E10","虚构别名E9","虚构事项036","借","3600.123456","其他应收款","0","2026-09","CNY","元","虚构期末独立清单36借"
"R72","E9","虚构别名E10","虚构事项036","贷","3600.123456","其他应付款","0","2026-09","CNY","元","虚构期末独立清单36贷"
"R73","E11","虚构别名E12","虚构事项037","借","3700.123456","其他应收款","0","2026-09","CNY","元","虚构期末独立清单37借"
"R74","E12","虚构别名E11","虚构事项037","贷","3700.123456","其他应付款","0","2026-09","CNY","元","虚构期末独立清单37贷"
"R75","E12","虚构别名E11","虚构事项038","借","3800.123456","其他应收款","0","2026-09","CNY","元","虚构期末独立清单38借"
"R76","E11","虚构别名E12","虚构事项038","贷","3800.123456","其他应付款","0","2026-09","CNY","元","虚构期末独立清单38贷"
"R77","E13","虚构别名E14","虚构事项039","借","3900.123456","其他应收款","0","2026-09","CNY","元","虚构期末独立清单39借"
"R78","E14","虚构别名E13","虚构事项039","贷","3900.123456","其他应付款","0","2026-09","CNY","元","虚构期末独立清单39贷"
"R79","E14","虚构别名E13","虚构事项040","借","4000.123456","其他应收款","0","2026-09","CNY","元","虚构期末独立清单40借"
"R80","E13","虚构别名E14","虚构事项040","贷","4000.123456","其他应付款","0","2026-09","CNY","元","虚构期末独立清单40贷"
"R81","E15","虚构别名E16","虚构事项041","借","4100.123456","其他应收款","0","2026-09","CNY","元","虚构期末独立清单41借"
"R82","E16","虚构别名E15","虚构事项041","贷","4100.123456","其他应付款","0","2026-09","CNY","元","虚构期末独立清单41贷"
"R83","E16","虚构别名E15","虚构事项042","借","4200.123456","其他应收款","0","2026-09","CNY","元","虚构期末独立清单42借"
"R84","E15","虚构别名E16","虚构事项042","贷","4200.123456","其他应付款","0","2026-09","CNY","元","虚构期末独立清单42贷"
"R85","E17","虚构别名E18","虚构事项043","借","4300.123456","其他应收款","0","2026-09","CNY","元","虚构期末独立清单43借"
"R86","E18","虚构别名E17","虚构事项043","贷","4300.123456","其他应付款","0","2026-09","CNY","元","虚构期末独立清单43贷"
"R87","E18","虚构别名E17","虚构事项044","借","4400.123456","其他应收款","0","2026-09","CNY","元","虚构期末独立清单44借"
"R88","E17","虚构别名E18","虚构事项044","贷","4400.123456","其他应付款","0","2026-09","CNY","元","虚构期末独立清单44贷"
"R89","E19","虚构别名E20","虚构事项045","借","4500.123456","其他应收款","0","2026-09","CNY","元","虚构期末独立清单45借"
"R90","E20","虚构别名E19","虚构事项045","贷","4500.123456","其他应付款","0","2026-09","CNY","元","虚构期末独立清单45贷"
"R91","E20","虚构别名E19","虚构事项046","借","4600.123456","其他应收款","0","2026-09","CNY","元","虚构期末独立清单46借"
"R92","E19","虚构别名E20","虚构事项046","贷","4600.123456","其他应付款","0","2026-09","CNY","元","虚构期末独立清单46贷"
"R93","E21","虚构别名E22","虚构事项047","借","4700.123456","其他应收款","0","2026-09","CNY","元","虚构期末独立清单47借"
"R94","E22","虚构别名E21","虚构事项047","贷","4700.123456","其他应付款","0","2026-09","CNY","元","虚构期末独立清单47贷"
"R95","E22","虚构别名E21","虚构事项048","借","4800.123456","其他应收款","0","2026-09","CNY","元","虚构期末独立清单48借"
"R96","E21","虚构别名E22","虚构事项048","贷","4800.123456","其他应付款","0","2026-09","CNY","元","虚构期末独立清单48贷"
"R97","E23","虚构别名E24","虚构事项049","借","4900.123456","其他应收款","0","2026-09","CNY","元","虚构期末独立清单49借"
"R98","E24","虚构别名E23","虚构事项049","贷","4900.123456","其他应付款","0","2026-09","CNY","元","虚构期末独立清单49贷"
"R99","E24","虚构别名E23","虚构事项050","借","5000.123456","其他应收款","0","2026-09","CNY","元","虚构期末独立清单50借"
"R100","E23","虚构别名E24","虚构事项050","贷","5000.123456","其他应付款","0","2026-09","CNY","元","虚构期末独立清单50贷"
"R101","E25","虚构别名E26","虚构事项051","借","5100.123456","其他应收款","0","2026-09","CNY","元","虚构期末独立清单51借"
"R102","E26","虚构别名E25","虚构事项051","贷","5100.123456","其他应付款","0","2026-09","CNY","元","虚构期末独立清单51贷"
"R103","E26","虚构别名E25","虚构事项052","借","5200.123456","其他应收款","0","2026-09","CNY","元","虚构期末独立清单52借"
"R104","E25","虚构别名E26","虚构事项052","贷","5200.123456","其他应付款","0","2026-09","CNY","元","虚构期末独立清单52贷"
"R105","E1","虚构别名E2","虚构事项053","借","5300.123456","其他应收款","0","2026-09","CNY","元","虚构期末独立清单53借"
"R106","E2","虚构别名E1","虚构事项053","贷","5300.123456","其他应付款","0","2026-09","CNY","元","虚构期末独立清单53贷"
"R107","E2","虚构别名E1","虚构事项054","借","5400.123456","其他应收款","0","2026-09","CNY","元","虚构期末独立清单54借"
"R108","E1","虚构别名E2","虚构事项054","贷","5400.123456","其他应付款","0","2026-09","CNY","元","虚构期末独立清单54贷"
"R109","E3","虚构别名E4","虚构事项055","借","5500.123456","其他应收款","0","2026-09","CNY","元","虚构期末独立清单55借"
"R110","E4","虚构别名E3","虚构事项055","贷","5500.123456","其他应付款","0","2026-09","CNY","元","虚构期末独立清单55贷"
"R111","E4","虚构别名E3","虚构事项056","借","5600.123456","其他应收款","0","2026-09","CNY","元","虚构期末独立清单56借"
"R112","E3","虚构别名E4","虚构事项056","贷","5600.123456","其他应付款","0","2026-09","CNY","元","虚构期末独立清单56贷"
"R113","E5","虚构别名E6","虚构事项057","借","5700.123456","其他应收款","0","2026-09","CNY","元","虚构期末独立清单57借"
"R114","E6","虚构别名E5","虚构事项057","贷","5700.123456","其他应付款","0","2026-09","CNY","元","虚构期末独立清单57贷"
"R115","E6","虚构别名E5","虚构事项058","借","5800.123456","其他应收款","0","2026-09","CNY","元","虚构期末独立清单58借"
"R116","E5","虚构别名E6","虚构事项058","贷","5800.123456","其他应付款","0","2026-09","CNY","元","虚构期末独立清单58贷"
"R117","E7","虚构别名E8","虚构事项059","借","5900.123456","其他应收款","0","2026-09","CNY","元","虚构期末独立清单59借"
"R118","E8","虚构别名E7","虚构事项059","贷","5900.123456","其他应付款","0","2026-09","CNY","元","虚构期末独立清单59贷"
"R119","E8","虚构别名E7","虚构事项060","借","6000.123456","其他应收款","0","2026-09","CNY","元","虚构期末独立清单60借"
"R120","E7","虚构别名E8","虚构事项060","贷","6000.123456","其他应付款","0","2026-09","CNY","元","虚构期末独立清单60贷"
"R121","E9","虚构别名E10","虚构事项061","借","6100.123456","其他应收款","0","2026-09","CNY","元","虚构期末独立清单61借"
"R122","E10","虚构别名E9","虚构事项061","贷","6100.123456","其他应付款","0","2026-09","CNY","元","虚构期末独立清单61贷"
"R123","E10","虚构别名E9","虚构事项062","借","6200.123456","其他应收款","0","2026-09","CNY","元","虚构期末独立清单62借"
"R124","E9","虚构别名E10","虚构事项062","贷","6200.123456","其他应付款","0","2026-09","CNY","元","虚构期末独立清单62贷"
"R125","E11","虚构别名E12","虚构事项063","借","6300.123456","其他应收款","0","2026-09","CNY","元","虚构期末独立清单63借"
"R126","E12","虚构别名E11","虚构事项063","贷","6300.123456","其他应付款","0","2026-09","CNY","元","虚构期末独立清单63贷"
"R127","E12","虚构别名E11","虚构事项064","借","6400.123456","其他应收款","0","2026-09","CNY","元","虚构期末独立清单64借"
"R128","E11","虚构别名E12","虚构事项064","贷","6400.123456","其他应付款","0","2026-09","CNY","元","虚构期末独立清单64贷"
"R129","E13","虚构别名E14","虚构事项065","借","6500.123456","其他应收款","0","2026-09","CNY","元","虚构期末独立清单65借"
"R130","E14","虚构别名E13","虚构事项065","贷","6500.123456","其他应付款","0","2026-09","CNY","元","虚构期末独立清单65贷"
"R131","E14","虚构别名E13","虚构事项066","借","6600.123456","其他应收款","0","2026-09","CNY","元","虚构期末独立清单66借"
"R132","E13","虚构别名E14","虚构事项066","贷","6600.123456","其他应付款","0","2026-09","CNY","元","虚构期末独立清单66贷"
"R133","E15","虚构别名E16","虚构事项067","借","6700.123456","其他应收款","0","2026-09","CNY","元","虚构期末独立清单67借"
"R134","E16","虚构别名E15","虚构事项067","贷","6700.123456","其他应付款","0","2026-09","CNY","元","虚构期末独立清单67贷"
"R135","E16","虚构别名E15","虚构事项068","借","6800.123456","其他应收款","0","2026-09","CNY","元","虚构期末独立清单68借"
"R136","E15","虚构别名E16","虚构事项068","贷","6800.123456","其他应付款","0","2026-09","CNY","元","虚构期末独立清单68贷"
"R137","E17","虚构别名E18","虚构事项069","借","6900.123456","其他应收款","0","2026-09","CNY","元","虚构期末独立清单69借"
"R138","E18","虚构别名E17","虚构事项069","贷","6900.123456","其他应付款","0","2026-09","CNY","元","虚构期末独立清单69贷"
"R139","E18","虚构别名E17","虚构事项070","借","7000.123456","其他应收款","0","2026-09","CNY","元","虚构期末独立清单70借"
"R140","E17","虚构别名E18","虚构事项070","贷","7000.123456","其他应付款","0","2026-09","CNY","元","虚构期末独立清单70贷"
"R141","E19","虚构别名E20","虚构事项071","借","7100.123456","其他应收款","0","2026-09","CNY","元","虚构期末独立清单71借"
"R142","E20","虚构别名E19","虚构事项071","贷","7100.123456","其他应付款","0","2026-09","CNY","元","虚构期末独立清单71贷"
"R143","E20","虚构别名E19","虚构事项072","借","7200.123456","其他应收款","0","2026-09","CNY","元","虚构期末独立清单72借"
"R144","E19","虚构别名E20","虚构事项072","贷","7200.123456","其他应付款","0","2026-09","CNY","元","虚构期末独立清单72贷"
"R145","E21","虚构别名E22","虚构事项073","借","7300.123456","其他应收款","0","2026-09","CNY","元","虚构期末独立清单73借"
"R146","E22","虚构别名E21","虚构事项073","贷","7300.123456","其他应付款","0","2026-09","CNY","元","虚构期末独立清单73贷"
"R147","E22","虚构别名E21","虚构事项074","借","7400.123456","其他应收款","0","2026-09","CNY","元","虚构期末独立清单74借"
"R148","E21","虚构别名E22","虚构事项074","贷","7400.123456","其他应付款","0","2026-09","CNY","元","虚构期末独立清单74贷"
"R149","E23","虚构别名E24","虚构事项075","借","7500.123456","其他应收款","0","2026-09","CNY","元","虚构期末独立清单75借"
"R150","E24","虚构别名E23","虚构事项075","贷","7500.123456","其他应付款","0","2026-09","CNY","元","虚构期末独立清单75贷"
"R151","E24","虚构别名E23","虚构事项076","借","7600.123456","其他应收款","0","2026-09","CNY","元","虚构期末独立清单76借"
"R152","E23","虚构别名E24","虚构事项076","贷","7600.123456","其他应付款","0","2026-09","CNY","元","虚构期末独立清单76贷"
"R153","E25","虚构别名E26","虚构事项077","借","7700.123456","其他应收款","0","2026-09","CNY","元","虚构期末独立清单77借"
"R154","E26","虚构别名E25","虚构事项077","贷","7700.123456","其他应付款","0","2026-09","CNY","元","虚构期末独立清单77贷"
"R155","E26","虚构别名E25","虚构事项078","借","7800.123456","其他应收款","0","2026-09","CNY","元","虚构期末独立清单78借"
"R156","E25","虚构别名E26","虚构事项078","贷","7800.123456","其他应付款","0","2026-09","CNY","元","虚构期末独立清单78贷"
"R157","E1","虚构别名E2","虚构事项079","借","7900.123456","其他应收款","0","2026-09","CNY","元","虚构期末独立清单79借"
"R158","E2","虚构别名E1","虚构事项079","贷","7900.123456","其他应付款","0","2026-09","CNY","元","虚构期末独立清单79贷"
"R159","E2","虚构别名E1","虚构事项080","借","8000.123456","其他应收款","0","2026-09","CNY","元","虚构期末独立清单80借"
"R160","E1","虚构别名E2","虚构事项080","贷","8000.123456","其他应付款","0","2026-09","CNY","元","虚构期末独立清单80贷"
"R161","E3","虚构别名E4","虚构事项081","借","8100.123456","其他应收款","0","2026-09","CNY","元","虚构期末独立清单81借"
"R162","E4","虚构别名E3","虚构事项081","贷","8100.123456","其他应付款","0","2026-09","CNY","元","虚构期末独立清单81贷"
"R163","E4","虚构别名E3","虚构事项082","借","8200.123456","其他应收款","0","2026-09","CNY","元","虚构期末独立清单82借"
"R164","E3","虚构别名E4","虚构事项082","贷","8200.123456","其他应付款","0","2026-09","CNY","元","虚构期末独立清单82贷"
"R165","E5","虚构别名E6","虚构事项083","借","8300.123456","其他应收款","0","2026-09","CNY","元","虚构期末独立清单83借"
"R166","E6","虚构别名E5","虚构事项083","贷","8300.123456","其他应付款","0","2026-09","CNY","元","虚构期末独立清单83贷"
"R167","E6","虚构别名E5","虚构事项084","借","8400.123456","其他应收款","0","2026-09","CNY","元","虚构期末独立清单84借"
"R168","E5","虚构别名E6","虚构事项084","贷","8400.123456","其他应付款","0","2026-09","CNY","元","虚构期末独立清单84贷"
"R169","E7","虚构别名E8","虚构事项085","借","8500.123456","其他应收款","0","2026-09","CNY","元","虚构期末独立清单85借"
"R170","E8","虚构别名E7","虚构事项085","贷","8500.123456","其他应付款","0","2026-09","CNY","元","虚构期末独立清单85贷"
"R171","E8","虚构别名E7","虚构事项086","借","8600.123456","其他应收款","0","2026-09","CNY","元","虚构期末独立清单86借"
"R172","E7","虚构别名E8","虚构事项086","贷","8600.123456","其他应付款","0","2026-09","CNY","元","虚构期末独立清单86贷"
"R173","E9","虚构别名E10","虚构事项087","借","8700.123456","其他应收款","0","2026-09","CNY","元","虚构期末独立清单87借"
"R174","E10","虚构别名E9","虚构事项087","贷","8700.123456","其他应付款","0","2026-09","CNY","元","虚构期末独立清单87贷"
"R175","E10","虚构别名E9","虚构事项088","借","8800.123456","其他应收款","0","2026-09","CNY","元","虚构期末独立清单88借"
"R176","E9","虚构别名E10","虚构事项088","贷","8800.123456","其他应付款","0","2026-09","CNY","元","虚构期末独立清单88贷"
"R177","E11","虚构别名E12","虚构事项089","借","8900.123456","其他应收款","0","2026-09","CNY","元","虚构期末独立清单89借"
"R178","E12","虚构别名E11","虚构事项089","贷","8900.123456","其他应付款","0","2026-09","CNY","元","虚构期末独立清单89贷"
"R179","E12","虚构别名E11","虚构事项090","借","9000.123456","其他应收款","0","2026-09","CNY","元","虚构期末独立清单90借"
"R180","E11","虚构别名E12","虚构事项090","贷","9000.123456","其他应付款","0","2026-09","CNY","元","虚构期末独立清单90贷"
"R181","E13","虚构别名E14","虚构事项091","借","9100.123456","其他应收款","0","2026-09","CNY","元","虚构期末独立清单91借"
"R182","E14","虚构别名E13","虚构事项091","贷","9100.123456","其他应付款","0","2026-09","CNY","元","虚构期末独立清单91贷"
"R183","E14","虚构别名E13","虚构事项092","借","9200.123456","其他应收款","0","2026-09","CNY","元","虚构期末独立清单92借"
"R184","E13","虚构别名E14","虚构事项092","贷","9200.123456","其他应付款","0","2026-09","CNY","元","虚构期末独立清单92贷"
"R185","E15","虚构别名E16","虚构事项093","借","9300.123456","其他应收款","0","2026-09","CNY","元","虚构期末独立清单93借"
"R186","E16","虚构别名E15","虚构事项093","贷","9300.123456","其他应付款","0","2026-09","CNY","元","虚构期末独立清单93贷"
"R187","E16","虚构别名E15","虚构事项094","借","9400.123456","其他应收款","0","2026-09","CNY","元","虚构期末独立清单94借"
"R188","E15","虚构别名E16","虚构事项094","贷","9400.123456","其他应付款","0","2026-09","CNY","元","虚构期末独立清单94贷"
"R189","E17","虚构别名E18","虚构事项095","借","9500.123456","其他应收款","0","2026-09","CNY","元","虚构期末独立清单95借"
"R190","E18","虚构别名E17","虚构事项095","贷","9500.123456","其他应付款","0","2026-09","CNY","元","虚构期末独立清单95贷"
"R191","E18","虚构别名E17","虚构事项096","借","9600.123456","其他应收款","0","2026-09","CNY","元","虚构期末独立清单96借"
"R192","E17","虚构别名E18","虚构事项096","贷","9600.123456","其他应付款","0","2026-09","CNY","元","虚构期末独立清单96贷"
"R193","E19","虚构别名E20","虚构事项097","借","9700.123456","其他应收款","0","2026-09","CNY","元","虚构期末独立清单97借"
"R194","E20","虚构别名E19","虚构事项097","贷","9700.123456","其他应付款","0","2026-09","CNY","元","虚构期末独立清单97贷"
"R195","E20","虚构别名E19","虚构事项098","借","9800.123456","其他应收款","0","2026-09","CNY","元","虚构期末独立清单98借"
"R196","E19","虚构别名E20","虚构事项098","贷","9800.123456","其他应付款","0","2026-09","CNY","元","虚构期末独立清单98贷"
"R197","E21","虚构别名E22","虚构事项099","借","9900.123456","其他应收款","0","2026-09","CNY","元","虚构期末独立清单99借"
"R198","E22","虚构别名E21","虚构事项099","贷","9900.123456","其他应付款","0","2026-09","CNY","元","虚构期末独立清单99贷"
"R199","E22","虚构别名E21","虚构事项100","借","10000.123456","其他应收款","0","2026-09","CNY","元","虚构期末独立清单100借"
"R200","E21","虚构别名E22","虚构事项100","贷","10000.123456","其他应付款","0","2026-09","CNY","元","虚构期末独立清单100贷"
"R201","E23","虚构别名E24","虚构事项101","借","10100.123456","其他应收款","0","2026-09","CNY","元","虚构期末独立清单101借"
"R202","E24","虚构别名E23","虚构事项101","贷","10100.123456","其他应付款","0","2026-09","CNY","元","虚构期末独立清单101贷"
"R203","E24","虚构别名E23","虚构事项102","借","10200.123456","其他应收款","0","2026-09","CNY","元","虚构期末独立清单102借"
"R204","E23","虚构别名E24","虚构事项102","贷","10200.123456","其他应付款","0","2026-09","CNY","元","虚构期末独立清单102贷"
"R205","E25","虚构别名E26","虚构事项103","借","10300.123456","其他应收款","0","2026-09","CNY","元","虚构期末独立清单103借"
"R206","E26","虚构别名E25","虚构事项103","贷","10300.123456","其他应付款","0","2026-09","CNY","元","虚构期末独立清单103贷"
"R207","E26","虚构别名E25","虚构事项104","借","10400.123456","其他应收款","0","2026-09","CNY","元","虚构期末独立清单104借"
"R208","E25","虚构别名E26","虚构事项104","贷","10400.123456","其他应付款","0","2026-09","CNY","元","虚构期末独立清单104贷"
"R209","E1","虚构别名E2","虚构事项105","借","10500.123456","其他应收款","0","2026-09","CNY","元","虚构期末独立清单105借"
"R210","E2","虚构别名E1","虚构事项105","贷","10500.123456","其他应付款","0","2026-09","CNY","元","虚构期末独立清单105贷"
"R211","E2","虚构别名E1","虚构事项106","借","10600.123456","其他应收款","0","2026-09","CNY","元","虚构期末独立清单106借"
"R212","E1","虚构别名E2","虚构事项106","贷","10600.123456","其他应付款","0","2026-09","CNY","元","虚构期末独立清单106贷"
"R213","E3","虚构别名E4","虚构事项107","借","10700.123456","其他应收款","0","2026-09","CNY","元","虚构期末独立清单107借"
"R214","E4","虚构别名E3","虚构事项107","贷","10700.123456","其他应付款","0","2026-09","CNY","元","虚构期末独立清单107贷"
"R215","E4","虚构别名E3","虚构事项108","借","10800.123456","其他应收款","0","2026-09","CNY","元","虚构期末独立清单108借"
"R216","E3","虚构别名E4","虚构事项108","贷","10800.123456","其他应付款","0","2026-09","CNY","元","虚构期末独立清单108贷"
"R217","E5","虚构别名E6","虚构事项109","借","10900.123456","其他应收款","0","2026-09","CNY","元","虚构期末独立清单109借"
"R218","E6","虚构别名E5","虚构事项109","贷","10900.123456","其他应付款","0","2026-09","CNY","元","虚构期末独立清单109贷"
"R219","E6","虚构别名E5","虚构事项110","借","11000.123456","其他应收款","0","2026-09","CNY","元","虚构期末独立清单110借"
"R220","E5","虚构别名E6","虚构事项110","贷","11000.123456","其他应付款","0","2026-09","CNY","元","虚构期末独立清单110贷"
"R221","E7","虚构别名E8","虚构事项111","借","11100.123456","其他应收款","0","2026-09","CNY","元","虚构期末独立清单111借"
"R222","E8","虚构别名E7","虚构事项111","贷","11100.123456","其他应付款","0","2026-09","CNY","元","虚构期末独立清单111贷"
"R223","E8","虚构别名E7","虚构事项112","借","11200.123456","其他应收款","0","2026-09","CNY","元","虚构期末独立清单112借"
"R224","E7","虚构别名E8","虚构事项112","贷","11200.123456","其他应付款","0","2026-09","CNY","元","虚构期末独立清单112贷"
"R225","E9","虚构别名E10","虚构事项113","借","11300.123456","其他应收款","0","2026-09","CNY","元","虚构期末独立清单113借"
"R226","E10","虚构别名E9","虚构事项113","贷","11300.123456","其他应付款","0","2026-09","CNY","元","虚构期末独立清单113贷"
"R227","E10","虚构别名E9","虚构事项114","借","11400.123456","其他应收款","0","2026-09","CNY","元","虚构期末独立清单114借"
"R228","E9","虚构别名E10","虚构事项114","贷","11400.123456","其他应付款","0","2026-09","CNY","元","虚构期末独立清单114贷"
"R229","E11","虚构别名E12","虚构事项115","借","11500.123456","其他应收款","0","2026-09","CNY","元","虚构期末独立清单115借"
"R230","E12","虚构别名E11","虚构事项115","贷","11500.123456","其他应付款","0","2026-09","CNY","元","虚构期末独立清单115贷"
"R231","E12","虚构别名E11","虚构事项116","借","11600.123456","其他应收款","0","2026-09","CNY","元","虚构期末独立清单116借"
"R232","E11","虚构别名E12","虚构事项116","贷","11600.123456","其他应付款","0","2026-09","CNY","元","虚构期末独立清单116贷"
"R233","E13","虚构别名E14","虚构事项117","借","11700.123456","其他应收款","0","2026-09","CNY","元","虚构期末独立清单117借"
"R234","E14","虚构别名E13","虚构事项117","贷","11700.123456","其他应付款","0","2026-09","CNY","元","虚构期末独立清单117贷"
"R235","E14","虚构别名E13","虚构事项118","借","11800.123456","其他应收款","0","2026-09","CNY","元","虚构期末独立清单118借"
"R236","E13","虚构别名E14","虚构事项118","贷","11800.123456","其他应付款","0","2026-09","CNY","元","虚构期末独立清单118贷"
"R237","E15","虚构别名E16","虚构事项119","借","11900.123456","其他应收款","0","2026-09","CNY","元","虚构期末独立清单119借"
"R238","E16","虚构别名E15","虚构事项119","贷","11900.123456","其他应付款","0","2026-09","CNY","元","虚构期末独立清单119贷"
"R239","E16","虚构别名E15","虚构事项120","借","12000.123456","其他应收款","0","2026-09","CNY","元","虚构期末独立清单120借"
"R240","E15","虚构别名E16","虚构事项120","贷","12000.123456","其他应付款","0","2026-09","CNY","元","虚构期末独立清单120贷"
"R241","E17","虚构别名E18","虚构事项121","借","12100.123456","其他应收款","0","2026-09","CNY","元","虚构期末独立清单121借"
"R242","E18","虚构别名E17","虚构事项121","贷","12100.123456","其他应付款","0","2026-09","CNY","元","虚构期末独立清单121贷"
"R243","E18","虚构别名E17","虚构事项122","借","12200.123456","其他应收款","0","2026-09","CNY","元","虚构期末独立清单122借"
"R244","E17","虚构别名E18","虚构事项122","贷","12200.123456","其他应付款","0","2026-09","CNY","元","虚构期末独立清单122贷"
"R245","E19","虚构别名E20","虚构事项123","借","12300.123456","其他应收款","0","2026-09","CNY","元","虚构期末独立清单123借"
"R246","E20","虚构别名E19","虚构事项123","贷","12300.123456","其他应付款","0","2026-09","CNY","元","虚构期末独立清单123贷"
"R247","E20","虚构别名E19","虚构事项124","借","12400.123456","其他应收款","0","2026-09","CNY","元","虚构期末独立清单124借"
"R248","E19","虚构别名E20","虚构事项124","贷","12400.123456","其他应付款","0","2026-09","CNY","元","虚构期末独立清单124贷"
"R249","E21","虚构别名E22","虚构事项125","借","12500.123456","其他应收款","0","2026-09","CNY","元","虚构期末独立清单125借"
"R250","E22","虚构别名E21","虚构事项125","贷","12500.123456","其他应付款","0","2026-09","CNY","元","虚构期末独立清单125贷"
"R251","E22","虚构别名E21","虚构事项126","借","12600.123456","其他应收款","0","2026-09","CNY","元","虚构期末独立清单126借"
"R252","E21","虚构别名E22","虚构事项126","贷","12600.123456","其他应付款","0","2026-09","CNY","元","虚构期末独立清单126贷"
"R253","E23","虚构别名E24","虚构事项127","借","12700.123456","其他应收款","0","2026-09","CNY","元","虚构期末独立清单127借"
"R254","E24","虚构别名E23","虚构事项127","贷","12700.123456","其他应付款","0","2026-09","CNY","元","虚构期末独立清单127贷"
"R255","E24","虚构别名E23","虚构事项128","借","12800.123456","其他应收款","0","2026-09","CNY","元","虚构期末独立清单128借"
"R256","E23","虚构别名E24","虚构事项128","贷","12800.123456","其他应付款","0","2026-09","CNY","元","虚构期末独立清单128贷"
"R257","E25","虚构别名E26","虚构事项129","借","12900.123456","其他应收款","0","2026-09","CNY","元","虚构期末独立清单129借"
"R258","E26","虚构别名E25","虚构事项129","贷","12900.123456","其他应付款","0","2026-09","CNY","元","虚构期末独立清单129贷"
"R259","E26","虚构别名E25","虚构事项130","借","13000.123456","其他应收款","0","2026-09","CNY","元","虚构期末独立清单130借"
"R260","E25","虚构别名E26","虚构事项130","贷","13000.123456","其他应付款","0","2026-09","CNY","元","虚构期末独立清单130贷"
"R261","E1","虚构别名E2","虚构事项131","借","13100.123456","其他应收款","0","2026-09","CNY","元","虚构期末独立清单131借"
"R262","E2","虚构别名E1","虚构事项131","贷","13100.123456","其他应付款","0","2026-09","CNY","元","虚构期末独立清单131贷"
"R263","E2","虚构别名E1","虚构事项132","借","13200.123456","其他应收款","0","2026-09","CNY","元","虚构期末独立清单132借"
"R264","E1","虚构别名E2","虚构事项132","贷","13200.123456","其他应付款","0","2026-09","CNY","元","虚构期末独立清单132贷"
"R265","E3","虚构别名E4","虚构事项133","借","13300.123456","其他应收款","0","2026-09","CNY","元","虚构期末独立清单133借"
"R266","E4","虚构别名E3","虚构事项133","贷","13300.123456","其他应付款","0","2026-09","CNY","元","虚构期末独立清单133贷"
"R267","E4","虚构别名E3","虚构事项134","借","13400.123456","其他应收款","0","2026-09","CNY","元","虚构期末独立清单134借"
"R268","E3","虚构别名E4","虚构事项134","贷","13400.123456","其他应付款","0","2026-09","CNY","元","虚构期末独立清单134贷"
"R269","E5","虚构别名E6","虚构事项135","借","13500.123456","其他应收款","0","2026-09","CNY","元","虚构期末独立清单135借"
"R270","E6","虚构别名E5","虚构事项135","贷","13500.123456","其他应付款","0","2026-09","CNY","元","虚构期末独立清单135贷"
"R271","E6","虚构别名E5","虚构事项136","借","13600.123456","其他应收款","0","2026-09","CNY","元","虚构期末独立清单136借"
"R272","E5","虚构别名E6","虚构事项136","贷","13600.123456","其他应付款","0","2026-09","CNY","元","虚构期末独立清单136贷"
"R273","E7","虚构别名E8","虚构事项137","借","13700.123456","其他应收款","0","2026-09","CNY","元","虚构期末独立清单137借"
"R274","E8","虚构别名E7","虚构事项137","贷","13700.123456","其他应付款","0","2026-09","CNY","元","虚构期末独立清单137贷"
"R275","E8","虚构别名E7","虚构事项138","借","13800.123456","其他应收款","0","2026-09","CNY","元","虚构期末独立清单138借"
"R276","E7","虚构别名E8","虚构事项138","贷","13800.123456","其他应付款","0","2026-09","CNY","元","虚构期末独立清单138贷"
"R277","E9","虚构别名E10","虚构事项139","借","13900.123456","其他应收款","0","2026-09","CNY","元","虚构期末独立清单139借"
"R278","E10","虚构别名E9","虚构事项139","贷","13900.123456","其他应付款","0","2026-09","CNY","元","虚构期末独立清单139贷"
"R279","E10","虚构别名E9","虚构事项140","借","14000.123456","其他应收款","0","2026-09","CNY","元","虚构期末独立清单140借"
"R280","E9","虚构别名E10","虚构事项140","贷","14000.123456","其他应付款","0","2026-09","CNY","元","虚构期末独立清单140贷"
"R281","E11","虚构别名E12","虚构事项141","借","14100.123456","其他应收款","0","2026-09","CNY","元","虚构期末独立清单141借"
"R282","E12","虚构别名E11","虚构事项141","贷","14100.123456","其他应付款","0","2026-09","CNY","元","虚构期末独立清单141贷"
"R283","E12","虚构别名E11","虚构事项142","借","14200.123456","其他应收款","0","2026-09","CNY","元","虚构期末独立清单142借"
"R284","E11","虚构别名E12","虚构事项142","贷","14200.123456","其他应付款","0","2026-09","CNY","元","虚构期末独立清单142贷"
"R285","E13","虚构别名E14","虚构事项143","借","14300.123456","其他应收款","0","2026-09","CNY","元","虚构期末独立清单143借"
"R286","E14","虚构别名E13","虚构事项143","贷","14300.123456","其他应付款","0","2026-09","CNY","元","虚构期末独立清单143贷"
"R287","E14","虚构别名E13","虚构事项144","借","14400.123456","其他应收款","0","2026-09","CNY","元","虚构期末独立清单144借"
"R288","E13","虚构别名E14","虚构事项144","贷","14400.123456","其他应付款","0","2026-09","CNY","元","虚构期末独立清单144贷"
"R289","E15","虚构别名E16","虚构事项145","借","14500.123456","其他应收款","0","2026-09","CNY","元","虚构期末独立清单145借"
"R290","E16","虚构别名E15","虚构事项145","贷","14500.123456","其他应付款","0","2026-09","CNY","元","虚构期末独立清单145贷"
"R291","E16","虚构别名E15","虚构事项146","借","14600.123456","其他应收款","0","2026-09","CNY","元","虚构期末独立清单146借"
"R292","E15","虚构别名E16","虚构事项146","贷","14600.123456","其他应付款","0","2026-09","CNY","元","虚构期末独立清单146贷"
"R293","E17","虚构别名E18","虚构事项147","借","14700.123456","其他应收款","0","2026-09","CNY","元","虚构期末独立清单147借"
"R294","E18","虚构别名E17","虚构事项147","贷","14700.123456","其他应付款","0","2026-09","CNY","元","虚构期末独立清单147贷"
"R295","E18","虚构别名E17","虚构事项148","借","14800.123456","其他应收款","0","2026-09","CNY","元","虚构期末独立清单148借"
"R296","E17","虚构别名E18","虚构事项148","贷","14800.123456","其他应付款","0","2026-09","CNY","元","虚构期末独立清单148贷"
"R297","E19","虚构别名E20","虚构事项149","借","14900.123456","其他应收款","0","2026-09","CNY","元","虚构期末独立清单149借"
"R298","E20","虚构别名E19","虚构事项149","贷","14900.123456","其他应付款","0","2026-09","CNY","元","虚构期末独立清单149贷"
"R299","E20","虚构别名E19","虚构事项150","借","15000.123456","其他应收款","0","2026-09","CNY","元","虚构期末独立清单150借"
"R300","E19","虚构别名E20","虚构事项150","贷","15000.123456","其他应付款","0","2026-09","CNY","元","虚构期末独立清单150贷"
"R301","E21","虚构别名E22","虚构事项151","借","15100.123456","其他应收款","0","2026-09","CNY","元","虚构期末独立清单151借"
"R302","E22","虚构别名E21","虚构事项151","贷","15100.123456","其他应付款","0","2026-09","CNY","元","虚构期末独立清单151贷"
"R303","E22","虚构别名E21","虚构事项152","借","15200.123456","其他应收款","0","2026-09","CNY","元","虚构期末独立清单152借"
"R304","E21","虚构别名E22","虚构事项152","贷","15200.123456","其他应付款","0","2026-09","CNY","元","虚构期末独立清单152贷"
"R305","E23","虚构别名E24","虚构事项153","借","15300.123456","其他应收款","0","2026-09","CNY","元","虚构期末独立清单153借"
"R306","E24","虚构别名E23","虚构事项153","贷","15300.123456","其他应付款","0","2026-09","CNY","元","虚构期末独立清单153贷"
"R307","E24","虚构别名E23","虚构事项154","借","15400.123456","其他应收款","0","2026-09","CNY","元","虚构期末独立清单154借"
"R308","E23","虚构别名E24","虚构事项154","贷","15400.123456","其他应付款","0","2026-09","CNY","元","虚构期末独立清单154贷"
"R309","E25","虚构别名E26","虚构事项155","借","15500.123456","其他应收款","0","2026-09","CNY","元","虚构期末独立清单155借"
"R310","E26","虚构别名E25","虚构事项155","贷","15500.123456","其他应付款","0","2026-09","CNY","元","虚构期末独立清单155贷"
"R311","E26","虚构别名E25","虚构事项156","借","15600.123456","其他应收款","0","2026-09","CNY","元","虚构期末独立清单156借"
"R312","E25","虚构别名E26","虚构事项156","贷","15600.123456","其他应付款","0","2026-09","CNY","元","虚构期末独立清单156贷"
"R313","E1","虚构别名E2","虚构事项157","借","15700.123456","其他应收款","0","2026-09","CNY","元","虚构期末独立清单157借"
"R314","E2","虚构别名E1","虚构事项157","贷","15700.123456","其他应付款","0","2026-09","CNY","元","虚构期末独立清单157贷"
"R315","E2","虚构别名E1","虚构事项158","借","15800.123456","其他应收款","0","2026-09","CNY","元","虚构期末独立清单158借"
"R316","E1","虚构别名E2","虚构事项158","贷","15800.123456","其他应付款","0","2026-09","CNY","元","虚构期末独立清单158贷"
"R317","E3","虚构别名E4","虚构事项159","借","15900.123456","其他应收款","0","2026-09","CNY","元","虚构期末独立清单159借"
"R318","E4","虚构别名E3","虚构事项159","贷","15900.123456","其他应付款","0","2026-09","CNY","元","虚构期末独立清单159贷"
"R319","E4","虚构别名E3","虚构事项160","借","16000.123456","其他应收款","0","2026-09","CNY","元","虚构期末独立清单160借"
"R320","E3","虚构别名E4","虚构事项160","贷","16000.123456","其他应付款","0","2026-09","CNY","元","虚构期末独立清单160贷"
"R321","E5","虚构别名E6","虚构事项161","借","16100.123456","其他应收款","0","2026-09","CNY","元","虚构期末独立清单161借"
"R322","E6","虚构别名E5","虚构事项161","贷","16100.123456","其他应付款","0","2026-09","CNY","元","虚构期末独立清单161贷"
"R323","E6","虚构别名E5","虚构事项162","借","16200.123456","其他应收款","0","2026-09","CNY","元","虚构期末独立清单162借"
"R324","E5","虚构别名E6","虚构事项162","贷","16200.123456","其他应付款","0","2026-09","CNY","元","虚构期末独立清单162贷"
"R325","E7","虚构别名E8","虚构事项163","借","16300.123456","其他应收款","0","2026-09","CNY","元","虚构期末独立清单163借"
"R326","E8","虚构别名E7","虚构事项163","贷","16300.123456","其他应付款","0","2026-09","CNY","元","虚构期末独立清单163贷"
"R327","E8","虚构别名E7","虚构事项164","借","16400.123456","其他应收款","0","2026-09","CNY","元","虚构期末独立清单164借"
"R328","E7","虚构别名E8","虚构事项164","贷","16400.123456","其他应付款","0","2026-09","CNY","元","虚构期末独立清单164贷"
"R329","E9","虚构别名E10","虚构事项165","借","16500.123456","其他应收款","0","2026-09","CNY","元","虚构期末独立清单165借"
"R330","E10","虚构别名E9","虚构事项165","贷","16500.123456","其他应付款","0","2026-09","CNY","元","虚构期末独立清单165贷"
"R331","E10","虚构别名E9","虚构事项166","借","16600.123456","其他应收款","0","2026-09","CNY","元","虚构期末独立清单166借"
"R332","E9","虚构别名E10","虚构事项166","贷","16600.123456","其他应付款","0","2026-09","CNY","元","虚构期末独立清单166贷"
"R333","E11","虚构别名E12","虚构事项167","借","16700.123456","其他应收款","0","2026-09","CNY","元","虚构期末独立清单167借"
"R334","E12","虚构别名E11","虚构事项167","贷","16700.123456","其他应付款","0","2026-09","CNY","元","虚构期末独立清单167贷"
"R335","E12","虚构别名E11","虚构事项168","借","16800.123456","其他应收款","0","2026-09","CNY","元","虚构期末独立清单168借"
"R336","E11","虚构别名E12","虚构事项168","贷","16800.123456","其他应付款","0","2026-09","CNY","元","虚构期末独立清单168贷"
"R337","E13","虚构别名E14","虚构事项169","借","16900.123456","其他应收款","0","2026-09","CNY","元","虚构期末独立清单169借"
"R338","E14","虚构别名E13","虚构事项169","贷","16900.123456","其他应付款","0","2026-09","CNY","元","虚构期末独立清单169贷"
"R339","E14","虚构别名E13","虚构事项170","借","17000.123456","其他应收款","0","2026-09","CNY","元","虚构期末独立清单170借"
"R340","E13","虚构别名E14","虚构事项170","贷","17000.123456","其他应付款","0","2026-09","CNY","元","虚构期末独立清单170贷"
"R341","E15","虚构别名E16","虚构事项171","借","17100.123456","其他应收款","0","2026-09","CNY","元","虚构期末独立清单171借"
"R342","E16","虚构别名E15","虚构事项171","贷","17100.123456","其他应付款","0","2026-09","CNY","元","虚构期末独立清单171贷"
"R343","E16","虚构别名E15","虚构事项172","借","17200.123456","其他应收款","0","2026-09","CNY","元","虚构期末独立清单172借"
"R344","E15","虚构别名E16","虚构事项172","贷","17200.123456","其他应付款","0","2026-09","CNY","元","虚构期末独立清单172贷"
"R345","E17","虚构别名E18","虚构事项173","借","17300.123456","其他应收款","0","2026-09","CNY","元","虚构期末独立清单173借"
"R346","E18","虚构别名E17","虚构事项173","贷","17300.123456","其他应付款","0","2026-09","CNY","元","虚构期末独立清单173贷"
"R347","E18","虚构别名E17","虚构事项174","借","17400.123456","其他应收款","0","2026-09","CNY","元","虚构期末独立清单174借"
"R348","E17","虚构别名E18","虚构事项174","贷","17400.123456","其他应付款","0","2026-09","CNY","元","虚构期末独立清单174贷"
"R349","E19","虚构别名E20","虚构事项175","借","17500.123456","其他应收款","0","2026-09","CNY","元","虚构期末独立清单175借"
"R350","E20","虚构别名E19","虚构事项175","贷","17500.123456","其他应付款","0","2026-09","CNY","元","虚构期末独立清单175贷"
"R351","E20","虚构别名E19","虚构事项176","借","17600.123456","其他应收款","0","2026-09","CNY","元","虚构期末独立清单176借"
"R352","E19","虚构别名E20","虚构事项176","贷","17600.123456","其他应付款","0","2026-09","CNY","元","虚构期末独立清单176贷"
"R353","E21","虚构别名E22","虚构事项177","借","17700.123456","其他应收款","0","2026-09","CNY","元","虚构期末独立清单177借"
"R354","E22","虚构别名E21","虚构事项177","贷","17700.123456","其他应付款","0","2026-09","CNY","元","虚构期末独立清单177贷"
"R355","E22","虚构别名E21","虚构事项178","借","17800.123456","其他应收款","0","2026-09","CNY","元","虚构期末独立清单178借"
"R356","E21","虚构别名E22","虚构事项178","贷","17800.123456","其他应付款","0","2026-09","CNY","元","虚构期末独立清单178贷"
"R357","E23","虚构别名E24","虚构事项179","借","17900.123456","其他应收款","0","2026-09","CNY","元","虚构期末独立清单179借"
"R358","E24","虚构别名E23","虚构事项179","贷","17900.123456","其他应付款","0","2026-09","CNY","元","虚构期末独立清单179贷"
"R359","E24","虚构别名E23","虚构事项180","借","18000.123456","其他应收款","0","2026-09","CNY","元","虚构期末独立清单180借"
"R360","E23","虚构别名E24","虚构事项180","贷","18000.123456","其他应付款","0","2026-09","CNY","元","虚构期末独立清单180贷"
"R361","E25","虚构别名E26","虚构事项181","借","18100.123456","其他应收款","0","2026-09","CNY","元","虚构期末独立清单181借"
"R362","E26","虚构别名E25","虚构事项181","贷","18100.123456","其他应付款","0","2026-09","CNY","元","虚构期末独立清单181贷"
"R363","E26","虚构别名E25","虚构事项182","借","18200.123456","其他应收款","0","2026-09","CNY","元","虚构期末独立清单182借"
"R364","E25","虚构别名E26","虚构事项182","贷","18200.123456","其他应付款","0","2026-09","CNY","元","虚构期末独立清单182贷"
"R365","E1","虚构别名E2","虚构事项183","借","18300.123456","其他应收款","0","2026-09","CNY","元","虚构期末独立清单183借"
"R366","E2","虚构别名E1","虚构事项183","贷","18300.123456","其他应付款","0","2026-09","CNY","元","虚构期末独立清单183贷"
"R367","E2","虚构别名E1","虚构事项184","借","18400.123456","其他应收款","0","2026-09","CNY","元","虚构期末独立清单184借"
"R368","E1","虚构别名E2","虚构事项184","贷","18400.123456","其他应付款","0","2026-09","CNY","元","虚构期末独立清单184贷"
"R369","E3","虚构别名E4","虚构事项185","借","18500.123456","其他应收款","0","2026-09","CNY","元","虚构期末独立清单185借"
"R370","E4","虚构别名E3","虚构事项185","贷","18500.123456","其他应付款","0","2026-09","CNY","元","虚构期末独立清单185贷"
"R371","E4","虚构别名E3","虚构事项186","借","18600.123456","其他应收款","0","2026-09","CNY","元","虚构期末独立清单186借"
"R372","E3","虚构别名E4","虚构事项186","贷","18600.123456","其他应付款","0","2026-09","CNY","元","虚构期末独立清单186贷"
"R373","E5","虚构别名E6","虚构事项187","借","18700.123456","其他应收款","0","2026-09","CNY","元","虚构期末独立清单187借"
"R374","E6","虚构别名E5","虚构事项187","贷","18700.123456","其他应付款","0","2026-09","CNY","元","虚构期末独立清单187贷"
"R375","E6","虚构别名E5","虚构事项188","借","18800.123456","其他应收款","0","2026-09","CNY","元","虚构期末独立清单188借"
"R376","E5","虚构别名E6","虚构事项188","贷","18800.123456","其他应付款","0","2026-09","CNY","元","虚构期末独立清单188贷"
"R377","E7","虚构别名E8","虚构事项189","借","18900.123456","其他应收款","0","2026-09","CNY","元","虚构期末独立清单189借"
"R378","E8","虚构别名E7","虚构事项189","贷","18900.123456","其他应付款","0","2026-09","CNY","元","虚构期末独立清单189贷"
"R379","E8","虚构别名E7","虚构事项190","借","19000.123456","其他应收款","0","2026-09","CNY","元","虚构期末独立清单190借"
"R380","E7","虚构别名E8","虚构事项190","贷","19000.123456","其他应付款","0","2026-09","CNY","元","虚构期末独立清单190贷"
"R381","E9","虚构别名E10","虚构事项191","借","19100.123456","其他应收款","0","2026-09","CNY","元","虚构期末独立清单191借"
"R382","E10","虚构别名E9","虚构事项191","贷","19100.123456","其他应付款","0","2026-09","CNY","元","虚构期末独立清单191贷"
"R383","E10","虚构别名E9","虚构事项192","借","19200.123456","其他应收款","0","2026-09","CNY","元","虚构期末独立清单192借"
"R384","E9","虚构别名E10","虚构事项192","贷","19200.123456","其他应付款","0","2026-09","CNY","元","虚构期末独立清单192贷"
"R385","E11","虚构别名E12","虚构事项193","借","19300.123456","其他应收款","0","2026-09","CNY","元","虚构期末独立清单193借"
"R386","E12","虚构别名E11","虚构事项193","贷","19300.123456","其他应付款","0","2026-09","CNY","元","虚构期末独立清单193贷"
"R387","E12","虚构别名E11","虚构事项194","借","19400.123456","其他应收款","0","2026-09","CNY","元","虚构期末独立清单194借"
"R388","E11","虚构别名E12","虚构事项194","贷","19400.123456","其他应付款","0","2026-09","CNY","元","虚构期末独立清单194贷"
"R389","E13","虚构别名E14","虚构事项195","借","19500.123456","其他应收款","0","2026-09","CNY","元","虚构期末独立清单195借"
"R390","E14","虚构别名E13","虚构事项195","贷","19500.123456","其他应付款","0","2026-09","CNY","元","虚构期末独立清单195贷"
"R391","E14","虚构别名E13","虚构事项196","借","19600.123456","其他应收款","0","2026-09","CNY","元","虚构期末独立清单196借"
"R392","E13","虚构别名E14","虚构事项196","贷","19600.123456","其他应付款","0","2026-09","CNY","元","虚构期末独立清单196贷"
"R393","E15","虚构别名E16","虚构事项197","借","19700.123456","其他应收款","0","2026-09","CNY","元","虚构期末独立清单197借"
"R394","E16","虚构别名E15","虚构事项197","贷","19700.123456","其他应付款","0","2026-09","CNY","元","虚构期末独立清单197贷"
"R395","E16","虚构别名E15","虚构事项198","借","19800.123456","其他应收款","0","2026-09","CNY","元","虚构期末独立清单198借"
"R396","E15","虚构别名E16","虚构事项198","贷","19800.123456","其他应付款","0","2026-09","CNY","元","虚构期末独立清单198贷"
"R397","E17","虚构别名E18","虚构事项199","借","19900.123456","其他应收款","0","2026-09","CNY","元","虚构期末独立清单199借"
"R398","E18","虚构别名E17","虚构事项199","贷","19900.123456","其他应付款","0","2026-09","CNY","元","虚构期末独立清单199贷"
"R399","E18","虚构别名E17","虚构事项200","借","20000.123456","其他应收款","0","2026-09","CNY","元","虚构期末独立清单200借"
"R400","E17","虚构别名E18","虚构事项200","贷","20000.123456","其他应付款","0","2026-09","CNY","元","虚构期末独立清单200贷"
"R401","E19","虚构别名E20","虚构事项201","借","20100.123456","其他应收款","0","2026-09","CNY","元","虚构期末独立清单201借"
"R402","E20","虚构别名E19","虚构事项201","贷","20100.123456","其他应付款","0","2026-09","CNY","元","虚构期末独立清单201贷"
"R403","E20","虚构别名E19","虚构事项202","借","20200.123456","其他应收款","0","2026-09","CNY","元","虚构期末独立清单202借"
"R404","E19","虚构别名E20","虚构事项202","贷","20200.123456","其他应付款","0","2026-09","CNY","元","虚构期末独立清单202贷"
"R405","E21","虚构别名E22","虚构事项203","借","20300.123456","其他应收款","0","2026-09","CNY","元","虚构期末独立清单203借"
"R406","E22","虚构别名E21","虚构事项203","贷","20300.123456","其他应付款","0","2026-09","CNY","元","虚构期末独立清单203贷"
"R407","E22","虚构别名E21","虚构事项204","借","20400.123456","其他应收款","0","2026-09","CNY","元","虚构期末独立清单204借"
"R408","E21","虚构别名E22","虚构事项204","贷","20400.123456","其他应付款","0","2026-09","CNY","元","虚构期末独立清单204贷"
"R409","E23","虚构别名E24","虚构事项205","借","20500.123456","其他应收款","0","2026-09","CNY","元","虚构期末独立清单205借"
"R410","E24","虚构别名E23","虚构事项205","贷","20500.123456","其他应付款","0","2026-09","CNY","元","虚构期末独立清单205贷"
"R411","E24","虚构别名E23","虚构事项206","借","20600.123456","其他应收款","0","2026-09","CNY","元","虚构期末独立清单206借"
"R412","E23","虚构别名E24","虚构事项206","贷","20600.123456","其他应付款","0","2026-09","CNY","元","虚构期末独立清单206贷"
"R413","E25","虚构别名E26","虚构事项207","借","20700.123456","其他应收款","0","2026-09","CNY","元","虚构期末独立清单207借"
"R414","E26","虚构别名E25","虚构事项207","贷","20700.123456","其他应付款","0","2026-09","CNY","元","虚构期末独立清单207贷"
"R415","E26","虚构别名E25","虚构事项208","借","20800.123456","其他应收款","0","2026-09","CNY","元","虚构期末独立清单208借"
"R416","E25","虚构别名E26","虚构事项208","贷","20800.123456","其他应付款","0","2026-09","CNY","元","虚构期末独立清单208贷"
"R417","E1","虚构别名E2","虚构事项209","借","20900.123456","其他应收款","0","2026-09","CNY","元","虚构期末独立清单209借"
"R418","E2","虚构别名E1","虚构事项209","贷","20900.123456","其他应付款","0","2026-09","CNY","元","虚构期末独立清单209贷"
"R419","E2","虚构别名E1","虚构事项210","借","21000.123456","其他应收款","0","2026-09","CNY","元","虚构期末独立清单210借"
"R420","E1","虚构别名E2","虚构事项210","贷","21000.123456","其他应付款","0","2026-09","CNY","元","虚构期末独立清单210贷"
"R421","E3","虚构别名E4","虚构事项211","借","21100.123456","其他应收款","0","2026-09","CNY","元","虚构期末独立清单211借"
"R422","E4","虚构别名E3","虚构事项211","贷","21100.123456","其他应付款","0","2026-09","CNY","元","虚构期末独立清单211贷"
"R423","E4","虚构别名E3","虚构事项212","借","21200.123456","其他应收款","0","2026-09","CNY","元","虚构期末独立清单212借"
"R424","E3","虚构别名E4","虚构事项212","贷","21200.123456","其他应付款","0","2026-09","CNY","元","虚构期末独立清单212贷"
"R425","E5","虚构别名E6","虚构事项213","借","21300.123456","其他应收款","0","2026-09","CNY","元","虚构期末独立清单213借"
"R426","E6","虚构别名E5","虚构事项213","贷","21300.123456","其他应付款","0","2026-09","CNY","元","虚构期末独立清单213贷"
"R427","E6","虚构别名E5","虚构事项214","借","21400.123456","其他应收款","0","2026-09","CNY","元","虚构期末独立清单214借"
"R428","E5","虚构别名E6","虚构事项214","贷","21400.123456","其他应付款","0","2026-09","CNY","元","虚构期末独立清单214贷"
"R429","E7","虚构别名E8","虚构事项215","借","21500.123456","其他应收款","0","2026-09","CNY","元","虚构期末独立清单215借"
"R430","E8","虚构别名E7","虚构事项215","贷","21500.123456","其他应付款","0","2026-09","CNY","元","虚构期末独立清单215贷"
"R431","E8","虚构别名E7","虚构事项216","借","21600.123456","其他应收款","0","2026-09","CNY","元","虚构期末独立清单216借"
"R432","E7","虚构别名E8","虚构事项216","贷","21600.123456","其他应付款","0","2026-09","CNY","元","虚构期末独立清单216贷"
"R433","E9","虚构别名E10","虚构事项217","借","21700.123456","其他应收款","0","2026-09","CNY","元","虚构期末独立清单217借"
"R434","E10","虚构别名E9","虚构事项217","贷","21700.123456","其他应付款","0","2026-09","CNY","元","虚构期末独立清单217贷"
"R435","E10","虚构别名E9","虚构事项218","借","21800.123456","其他应收款","0","2026-09","CNY","元","虚构期末独立清单218借"
"R436","E9","虚构别名E10","虚构事项218","贷","21800.123456","其他应付款","0","2026-09","CNY","元","虚构期末独立清单218贷"
"R437","E11","虚构别名E12","虚构事项219","借","21900.123456","其他应收款","0","2026-09","CNY","元","虚构期末独立清单219借"
"R438","E12","虚构别名E11","虚构事项219","贷","21900.123456","其他应付款","0","2026-09","CNY","元","虚构期末独立清单219贷"
"R439","E12","虚构别名E11","虚构事项220","借","22000.123456","其他应收款","0","2026-09","CNY","元","虚构期末独立清单220借"
"R440","E11","虚构别名E12","虚构事项220","贷","22000.123456","其他应付款","0","2026-09","CNY","元","虚构期末独立清单220贷"
"R441","E13","虚构别名E14","虚构事项221","借","22100.123456","其他应收款","0","2026-09","CNY","元","虚构期末独立清单221借"
"R442","E14","虚构别名E13","虚构事项221","贷","22100.123456","其他应付款","0","2026-09","CNY","元","虚构期末独立清单221贷"
"R443","E14","虚构别名E13","虚构事项222","借","22200.123456","其他应收款","0","2026-09","CNY","元","虚构期末独立清单222借"
"R444","E13","虚构别名E14","虚构事项222","贷","22200.123456","其他应付款","0","2026-09","CNY","元","虚构期末独立清单222贷"
"R445","E15","虚构别名E16","虚构事项223","借","22300.123456","其他应收款","0","2026-09","CNY","元","虚构期末独立清单223借"
"R446","E16","虚构别名E15","虚构事项223","贷","22300.123456","其他应付款","0","2026-09","CNY","元","虚构期末独立清单223贷"
"R447","E16","虚构别名E15","虚构事项224","借","22400.123456","其他应收款","0","2026-09","CNY","元","虚构期末独立清单224借"
"R448","E15","虚构别名E16","虚构事项224","贷","22400.123456","其他应付款","0","2026-09","CNY","元","虚构期末独立清单224贷"
"R449","E17","虚构别名E18","虚构事项225","借","22500.123456","其他应收款","0","2026-09","CNY","元","虚构期末独立清单225借"
"R450","E18","虚构别名E17","虚构事项225","贷","22500.123456","其他应付款","0","2026-09","CNY","元","虚构期末独立清单225贷"
"R451","E18","虚构别名E17","虚构事项226","借","22600.123456","其他应收款","0","2026-09","CNY","元","虚构期末独立清单226借"
"R452","E17","虚构别名E18","虚构事项226","贷","22600.123456","其他应付款","0","2026-09","CNY","元","虚构期末独立清单226贷"
"R453","E19","虚构别名E20","虚构事项227","借","22700.123456","其他应收款","0","2026-09","CNY","元","虚构期末独立清单227借"
"R454","E20","虚构别名E19","虚构事项227","贷","22700.123456","其他应付款","0","2026-09","CNY","元","虚构期末独立清单227贷"
"R455","E20","虚构别名E19","虚构事项228","借","22800.123456","其他应收款","0","2026-09","CNY","元","虚构期末独立清单228借"
"R456","E19","虚构别名E20","虚构事项228","贷","22800.123456","其他应付款","0","2026-09","CNY","元","虚构期末独立清单228贷"
"R457","E21","虚构别名E22","虚构事项229","借","22900.123456","其他应收款","0","2026-09","CNY","元","虚构期末独立清单229借"
"R458","E22","虚构别名E21","虚构事项229","贷","22900.123456","其他应付款","0","2026-09","CNY","元","虚构期末独立清单229贷"
"R459","E22","虚构别名E21","虚构事项230","借","23000.123456","其他应收款","0","2026-09","CNY","元","虚构期末独立清单230借"
"R460","E21","虚构别名E22","虚构事项230","贷","23000.123456","其他应付款","0","2026-09","CNY","元","虚构期末独立清单230贷"
"R461","E23","虚构别名E24","虚构事项231","借","23100.123456","其他应收款","0","2026-09","CNY","元","虚构期末独立清单231借"
"R462","E24","虚构别名E23","虚构事项231","贷","23100.123456","其他应付款","0","2026-09","CNY","元","虚构期末独立清单231贷"
"R463","E24","虚构别名E23","虚构事项232","借","23200.123456","其他应收款","0","2026-09","CNY","元","虚构期末独立清单232借"
"R464","E23","虚构别名E24","虚构事项232","贷","23200.123456","其他应付款","0","2026-09","CNY","元","虚构期末独立清单232贷"
"R465","E25","虚构别名E26","虚构事项233","借","23300.123456","其他应收款","0","2026-09","CNY","元","虚构期末独立清单233借"
"R466","E26","虚构别名E25","虚构事项233","贷","23300.123456","其他应付款","0","2026-09","CNY","元","虚构期末独立清单233贷"
"R467","E26","虚构别名E25","虚构事项234","借","23400.123456","其他应收款","0","2026-09","CNY","元","虚构期末独立清单234借"
"R468","E25","虚构别名E26","虚构事项234","贷","23400.123456","其他应付款","0","2026-09","CNY","元","虚构期末独立清单234贷"
"R469","E1","虚构别名E2","虚构事项235","借","23500.123456","其他应收款","0","2026-09","CNY","元","虚构期末独立清单235借"
"R470","E2","虚构别名E1","虚构事项235","贷","23500.123456","其他应付款","0","2026-09","CNY","元","虚构期末独立清单235贷"
"R471","E2","虚构别名E1","虚构事项236","借","23600.123456","其他应收款","0","2026-09","CNY","元","虚构期末独立清单236借"
"R472","E1","虚构别名E2","虚构事项236","贷","23600.123456","其他应付款","0","2026-09","CNY","元","虚构期末独立清单236贷"
"R473","E3","虚构别名E4","虚构事项237","借","23700.123456","其他应收款","0","2026-09","CNY","元","虚构期末独立清单237借"
"R474","E4","虚构别名E3","虚构事项237","贷","23700.123456","其他应付款","0","2026-09","CNY","元","虚构期末独立清单237贷"
"R475","E4","虚构别名E3","虚构事项238","借","23800.123456","其他应收款","0","2026-09","CNY","元","虚构期末独立清单238借"
"R476","E3","虚构别名E4","虚构事项238","贷","23800.123456","其他应付款","0","2026-09","CNY","元","虚构期末独立清单238贷"
"R477","E5","虚构别名E6","虚构事项239","借","23900.123456","其他应收款","0","2026-09","CNY","元","虚构期末独立清单239借"
"R478","E6","虚构别名E5","虚构事项239","贷","23900.123456","其他应付款","0","2026-09","CNY","元","虚构期末独立清单239贷"
"R479","E6","虚构别名E5","虚构事项240","借","24000.123456","其他应收款","0","2026-09","CNY","元","虚构期末独立清单240借"
"R480","E5","虚构别名E6","虚构事项240","贷","24000.123456","其他应付款","0","2026-09","CNY","元","虚构期末独立清单240贷"
"R481","E7","虚构别名E8","虚构事项241","借","24100.123456","其他应收款","0","2026-09","CNY","元","虚构期末独立清单241借"
"R482","E8","虚构别名E7","虚构事项241","贷","24100.123456","其他应付款","0","2026-09","CNY","元","虚构期末独立清单241贷"
"R483","E8","虚构别名E7","虚构事项242","借","24200.123456","其他应收款","0","2026-09","CNY","元","虚构期末独立清单242借"
"R484","E7","虚构别名E8","虚构事项242","贷","24200.123456","其他应付款","0","2026-09","CNY","元","虚构期末独立清单242贷"
"R485","E9","虚构别名E10","虚构事项243","借","24300.123456","其他应收款","0","2026-09","CNY","元","虚构期末独立清单243借"
"R486","E10","虚构别名E9","虚构事项243","贷","24300.123456","其他应付款","0","2026-09","CNY","元","虚构期末独立清单243贷"
"R487","E10","虚构别名E9","虚构事项244","借","24400.123456","其他应收款","0","2026-09","CNY","元","虚构期末独立清单244借"
"R488","E9","虚构别名E10","虚构事项244","贷","24400.123456","其他应付款","0","2026-09","CNY","元","虚构期末独立清单244贷"
"R489","E11","虚构别名E12","虚构事项245","借","24500.123456","其他应收款","0","2026-09","CNY","元","虚构期末独立清单245借"
"R490","E12","虚构别名E11","虚构事项245","贷","24500.123456","其他应付款","0","2026-09","CNY","元","虚构期末独立清单245贷"
"R491","E12","虚构别名E11","虚构事项246","借","24600.123456","其他应收款","0","2026-09","CNY","元","虚构期末独立清单246借"
"R492","E11","虚构别名E12","虚构事项246","贷","24600.123456","其他应付款","0","2026-09","CNY","元","虚构期末独立清单246贷"
"R493","E13","虚构别名E14","虚构事项247","借","24700.123456","其他应收款","0","2026-09","CNY","元","虚构期末独立清单247借"
"R494","E14","虚构别名E13","虚构事项247","贷","24700.123456","其他应付款","0","2026-09","CNY","元","虚构期末独立清单247贷"
"R495","E14","虚构别名E13","虚构事项248","借","24800.123456","其他应收款","0","2026-09","CNY","元","虚构期末独立清单248借"
"R496","E13","虚构别名E14","虚构事项248","贷","24800.123456","其他应付款","0","2026-09","CNY","元","虚构期末独立清单248贷"
"R497","E15","虚构别名E16","虚构事项249","借","24900.123456","其他应收款","0","2026-09","CNY","元","虚构期末独立清单249借"
"R498","E16","虚构别名E15","虚构事项249","贷","24900.123456","其他应付款","0","2026-09","CNY","元","虚构期末独立清单249贷"
"R499","E16","虚构别名E15","虚构事项250","借","25000.123456","其他应收款","0","2026-09","CNY","元","虚构期末独立清单250借"
"R500","E15","虚构别名E16","虚构事项250","贷","25000.123456","其他应付款","0","2026-09","CNY","元","虚构期末独立清单250贷"
"R501","E17","虚构别名E18","虚构事项251","借","25100.123456","其他应收款","0","2026-09","CNY","元","虚构期末独立清单251借"
"R502","E18","虚构别名E17","虚构事项251","贷","25100.123456","其他应付款","0","2026-09","CNY","元","虚构期末独立清单251贷"
"R503","E18","虚构别名E17","虚构事项252","借","25200.123456","其他应收款","0","2026-09","CNY","元","虚构期末独立清单252借"
"R504","E17","虚构别名E18","虚构事项252","贷","25200.123456","其他应付款","0","2026-09","CNY","元","虚构期末独立清单252贷"
"R505","E19","虚构别名E20","虚构事项253","借","25300.123456","其他应收款","0","2026-09","CNY","元","虚构期末独立清单253借"
"R506","E20","虚构别名E19","虚构事项253","贷","25300.123456","其他应付款","0","2026-09","CNY","元","虚构期末独立清单253贷"
"R507","E20","虚构别名E19","虚构事项254","借","25400.123456","其他应收款","0","2026-09","CNY","元","虚构期末独立清单254借"
"R508","E19","虚构别名E20","虚构事项254","贷","25400.123456","其他应付款","0","2026-09","CNY","元","虚构期末独立清单254贷"
"R509","E21","虚构别名E22","虚构事项255","借","25500.123456","其他应收款","0","2026-09","CNY","元","虚构期末独立清单255借"
"R510","E22","虚构别名E21","虚构事项255","贷","25500.123456","其他应付款","0","2026-09","CNY","元","虚构期末独立清单255贷"
"R511","E22","虚构别名E21","虚构事项256","借","25600.123456","其他应收款","0","2026-09","CNY","元","虚构期末独立清单256借"
"R512","E21","虚构别名E22","虚构事项256","贷","25600.123456","其他应付款","0","2026-09","CNY","元","虚构期末独立清单256贷"
"R513","E23","虚构别名E24","虚构事项257","借","25700.123456","其他应收款","0","2026-09","CNY","元","虚构期末独立清单257借"
"R514","E24","虚构别名E23","虚构事项257","贷","25700.123456","其他应付款","0","2026-09","CNY","元","虚构期末独立清单257贷"
"R515","E24","虚构别名E23","虚构事项258","借","25800.123456","其他应收款","0","2026-09","CNY","元","虚构期末独立清单258借"
"R516","E23","虚构别名E24","虚构事项258","贷","25800.123456","其他应付款","0","2026-09","CNY","元","虚构期末独立清单258贷"
"R517","E25","虚构别名E26","虚构事项259","借","25900.123456","其他应收款","0","2026-09","CNY","元","虚构期末独立清单259借"
"R518","E26","虚构别名E25","虚构事项259","贷","25900.123456","其他应付款","0","2026-09","CNY","元","虚构期末独立清单259贷"
"R519","E26","虚构别名E25","虚构事项260","借","26000.123456","其他应收款","0","2026-09","CNY","元","虚构期末独立清单260借"
"R520","E25","虚构别名E26","虚构事项260","贷","26000.123456","其他应付款","0","2026-09","CNY","元","虚构期末独立清单260贷"
"R521","E1","虚构别名E2","虚构事项261","借","26100.123456","其他应收款","0","2026-09","CNY","元","虚构期末独立清单261借"
"R522","E2","虚构别名E1","虚构事项261","贷","26100.123456","其他应付款","0","2026-09","CNY","元","虚构期末独立清单261贷"
"R523","E2","虚构别名E1","虚构事项262","借","26200.123456","其他应收款","0","2026-09","CNY","元","虚构期末独立清单262借"
"R524","E1","虚构别名E2","虚构事项262","贷","26200.123456","其他应付款","0","2026-09","CNY","元","虚构期末独立清单262贷"
"R525","E3","虚构别名E4","虚构事项263","借","26300.123456","其他应收款","0","2026-09","CNY","元","虚构期末独立清单263借"
"R526","E4","虚构别名E3","虚构事项263","贷","26300.123456","其他应付款","0","2026-09","CNY","元","虚构期末独立清单263贷"
"R527","E4","虚构别名E3","虚构事项264","借","26400.123456","其他应收款","0","2026-09","CNY","元","虚构期末独立清单264借"
"R528","E3","虚构别名E4","虚构事项264","贷","26400.123456","其他应付款","0","2026-09","CNY","元","虚构期末独立清单264贷"
"R529","E5","虚构别名E6","虚构事项265","借","26500.123456","其他应收款","0","2026-09","CNY","元","虚构期末独立清单265借"
"R530","E6","虚构别名E5","虚构事项265","贷","26500.123456","其他应付款","0","2026-09","CNY","元","虚构期末独立清单265贷"
"R531","E6","虚构别名E5","虚构事项266","借","26600.123456","其他应收款","0","2026-09","CNY","元","虚构期末独立清单266借"
"R532","E5","虚构别名E6","虚构事项266","贷","26600.123456","其他应付款","0","2026-09","CNY","元","虚构期末独立清单266贷"
"R533","E7","虚构别名E8","虚构事项267","借","26700.123456","其他应收款","0","2026-09","CNY","元","虚构期末独立清单267借"
"R534","E8","虚构别名E7","虚构事项267","贷","26700.123456","其他应付款","0","2026-09","CNY","元","虚构期末独立清单267贷"
"R535","E8","虚构别名E7","虚构事项268","借","26800.123456","其他应收款","0","2026-09","CNY","元","虚构期末独立清单268借"
"R536","E7","虚构别名E8","虚构事项268","贷","26800.123456","其他应付款","0","2026-09","CNY","元","虚构期末独立清单268贷"
"R537","E9","虚构别名E10","虚构事项269","借","26900.123456","其他应收款","0","2026-09","CNY","元","虚构期末独立清单269借"
"R538","E10","虚构别名E9","虚构事项269","贷","26900.123456","其他应付款","0","2026-09","CNY","元","虚构期末独立清单269贷"
"R539","E10","虚构别名E9","虚构事项270","借","27000.123456","其他应收款","0","2026-09","CNY","元","虚构期末独立清单270借"
"R540","E9","虚构别名E10","虚构事项270","贷","27000.123456","其他应付款","0","2026-09","CNY","元","虚构期末独立清单270贷"
"R541","E11","虚构别名E12","虚构事项271","借","27100.123456","其他应收款","0","2026-09","CNY","元","虚构期末独立清单271借"
"R542","E12","虚构别名E11","虚构事项271","贷","27100.123456","其他应付款","0","2026-09","CNY","元","虚构期末独立清单271贷"
"R543","E12","虚构别名E11","虚构事项272","借","27200.123456","其他应收款","0","2026-09","CNY","元","虚构期末独立清单272借"
"R544","E11","虚构别名E12","虚构事项272","贷","27200.123456","其他应付款","0","2026-09","CNY","元","虚构期末独立清单272贷"
"R545","E13","虚构别名E14","虚构事项273","借","27300.123456","其他应收款","0","2026-09","CNY","元","虚构期末独立清单273借"
"R546","E14","虚构别名E13","虚构事项273","贷","27300.123456","其他应付款","0","2026-09","CNY","元","虚构期末独立清单273贷"
"R547","E14","虚构别名E13","虚构事项274","借","27400.123456","其他应收款","0","2026-09","CNY","元","虚构期末独立清单274借"
"R548","E13","虚构别名E14","虚构事项274","贷","27400.123456","其他应付款","0","2026-09","CNY","元","虚构期末独立清单274贷"
"R549","E15","虚构别名E16","虚构事项275","借","27500.123456","其他应收款","0","2026-09","CNY","元","虚构期末独立清单275借"
"R550","E16","虚构别名E15","虚构事项275","贷","27500.123456","其他应付款","0","2026-09","CNY","元","虚构期末独立清单275贷"
"R551","E16","虚构别名E15","虚构事项276","借","27600.123456","其他应收款","0","2026-09","CNY","元","虚构期末独立清单276借"
"R552","E15","虚构别名E16","虚构事项276","贷","27600.123456","其他应付款","0","2026-09","CNY","元","虚构期末独立清单276贷"
"R553","E17","虚构别名E18","虚构事项277","借","27700.123456","其他应收款","0","2026-09","CNY","元","虚构期末独立清单277借"
"R554","E18","虚构别名E17","虚构事项277","贷","27700.123456","其他应付款","0","2026-09","CNY","元","虚构期末独立清单277贷"
"R555","E18","虚构别名E17","虚构事项278","借","27800.123456","其他应收款","0","2026-09","CNY","元","虚构期末独立清单278借"
"R556","E17","虚构别名E18","虚构事项278","贷","27800.123456","其他应付款","0","2026-09","CNY","元","虚构期末独立清单278贷"
"R557","E19","虚构别名E20","虚构事项279","借","27900.123456","其他应收款","0","2026-09","CNY","元","虚构期末独立清单279借"
"R558","E20","虚构别名E19","虚构事项279","贷","27900.123456","其他应付款","0","2026-09","CNY","元","虚构期末独立清单279贷"
"R559","E20","虚构别名E19","虚构事项280","借","28000.123456","其他应收款","0","2026-09","CNY","元","虚构期末独立清单280借"
"R560","E19","虚构别名E20","虚构事项280","贷","28000.123456","其他应付款","0","2026-09","CNY","元","虚构期末独立清单280贷"
"R561","E21","虚构别名E22","虚构事项281","借","28100.123456","其他应收款","0","2026-09","CNY","元","虚构期末独立清单281借"
"R562","E22","虚构别名E21","虚构事项281","贷","28100.123456","其他应付款","0","2026-09","CNY","元","虚构期末独立清单281贷"
"R563","E22","虚构别名E21","虚构事项282","借","28200.123456","其他应收款","0","2026-09","CNY","元","虚构期末独立清单282借"
"R564","E21","虚构别名E22","虚构事项282","贷","28200.123456","其他应付款","0","2026-09","CNY","元","虚构期末独立清单282贷"
"R565","E23","虚构别名E24","虚构事项283","借","28300.123456","其他应收款","0","2026-09","CNY","元","虚构期末独立清单283借"
"R566","E24","虚构别名E23","虚构事项283","贷","28300.123456","其他应付款","0","2026-09","CNY","元","虚构期末独立清单283贷"
"R567","E24","虚构别名E23","虚构事项284","借","28400.123456","其他应收款","0","2026-09","CNY","元","虚构期末独立清单284借"
"R568","E23","虚构别名E24","虚构事项284","贷","28400.123456","其他应付款","0","2026-09","CNY","元","虚构期末独立清单284贷"
"R569","E25","虚构别名E26","虚构事项285","借","28500.123456","其他应收款","0","2026-09","CNY","元","虚构期末独立清单285借"
"R570","E26","虚构别名E25","虚构事项285","贷","28500.123456","其他应付款","0","2026-09","CNY","元","虚构期末独立清单285贷"
"R571","E26","虚构别名E25","虚构事项286","借","28600.123456","其他应收款","0","2026-09","CNY","元","虚构期末独立清单286借"
"R572","E25","虚构别名E26","虚构事项286","贷","28600.123456","其他应付款","0","2026-09","CNY","元","虚构期末独立清单286贷"
"R573","E1","虚构别名E2","虚构事项287","借","28700.123456","其他应收款","0","2026-09","CNY","元","虚构期末独立清单287借"
"R574","E2","虚构别名E1","虚构事项287","贷","28700.123456","其他应付款","0","2026-09","CNY","元","虚构期末独立清单287贷"
"R575","E2","虚构别名E1","虚构事项288","借","28800.123456","其他应收款","0","2026-09","CNY","元","虚构期末独立清单288借"
"R576","E1","虚构别名E2","虚构事项288","贷","28800.123456","其他应付款","0","2026-09","CNY","元","虚构期末独立清单288贷"
"R577","E3","虚构别名E4","虚构事项289","借","28900.123456","其他应收款","0","2026-09","CNY","元","虚构期末独立清单289借"
"R578","E4","虚构别名E3","虚构事项289","贷","28900.123456","其他应付款","0","2026-09","CNY","元","虚构期末独立清单289贷"
"R579","E4","虚构别名E3","虚构事项290","借","29000.123456","其他应收款","0","2026-09","CNY","元","虚构期末独立清单290借"
"R580","E3","虚构别名E4","虚构事项290","贷","29000.123456","其他应付款","0","2026-09","CNY","元","虚构期末独立清单290贷"
"R581","E5","虚构别名E6","虚构事项291","借","29100.123456","其他应收款","0","2026-09","CNY","元","虚构期末独立清单291借"
"R582","E6","虚构别名E5","虚构事项291","贷","29100.123456","其他应付款","0","2026-09","CNY","元","虚构期末独立清单291贷"
"R583","E6","虚构别名E5","虚构事项292","借","29200.123456","其他应收款","0","2026-09","CNY","元","虚构期末独立清单292借"
"R584","E5","虚构别名E6","虚构事项292","贷","29200.123456","其他应付款","0","2026-09","CNY","元","虚构期末独立清单292贷"
"R585","E7","虚构别名E8","虚构事项293","借","29300.123456","其他应收款","0","2026-09","CNY","元","虚构期末独立清单293借"
"R586","E8","虚构别名E7","虚构事项293","贷","29300.123456","其他应付款","0","2026-09","CNY","元","虚构期末独立清单293贷"
"R587","E8","虚构别名E7","虚构事项294","借","29400.123456","其他应收款","0","2026-09","CNY","元","虚构期末独立清单294借"
"R588","E7","虚构别名E8","虚构事项294","贷","29400.123456","其他应付款","0","2026-09","CNY","元","虚构期末独立清单294贷"
"R589","E9","虚构别名E10","虚构事项295","借","29500.123456","其他应收款","0","2026-09","CNY","元","虚构期末独立清单295借"
"R590","E10","虚构别名E9","虚构事项295","贷","29500.123456","其他应付款","0","2026-09","CNY","元","虚构期末独立清单295贷"
"R591","E10","虚构别名E9","虚构事项296","借","29600.123456","其他应收款","0","2026-09","CNY","元","虚构期末独立清单296借"
"R592","E9","虚构别名E10","虚构事项296","贷","29600.123456","其他应付款","0","2026-09","CNY","元","虚构期末独立清单296贷"
"R593","E11","虚构别名E12","虚构事项297","借","29700.123456","其他应收款","0","2026-09","CNY","元","虚构期末独立清单297借"
"R594","E12","虚构别名E11","虚构事项297","贷","29700.123456","其他应付款","0","2026-09","CNY","元","虚构期末独立清单297贷"
"R595","E12","虚构别名E11","虚构事项298","借","29800.123456","其他应收款","0","2026-09","CNY","元","虚构期末独立清单298借"
"R596","E11","虚构别名E12","虚构事项298","贷","29800.123456","其他应付款","0","2026-09","CNY","元","虚构期末独立清单298贷"
"R597","E13","虚构别名E14","虚构事项299","借","29900.123456","其他应收款","0","2026-09","CNY","元","虚构期末独立清单299借"
"R598","E14","虚构别名E13","虚构事项299","贷","29900.123456","其他应付款","0","2026-09","CNY","元","虚构期末独立清单299贷"
"R599","E14","虚构别名E13","虚构事项300","借","30000.123456","其他应收款","0","2026-09","CNY","元","虚构期末独立清单300借"
"R600","E13","虚构别名E14","虚构事项300","贷","30000.123456","其他应付款","0","2026-09","CNY","元","虚构期末独立清单300贷"
"R601","E15","虚构别名E16","虚构事项301","借","30100.123456","其他应收款","0","2026-09","CNY","元","虚构期末独立清单301借"
"R602","E16","虚构别名E15","虚构事项301","贷","30100.123456","其他应付款","0","2026-09","CNY","元","虚构期末独立清单301贷"
"R603","E16","虚构别名E15","虚构事项302","借","30200.123456","其他应收款","0","2026-09","CNY","元","虚构期末独立清单302借"
"R604","E15","虚构别名E16","虚构事项302","贷","30200.123456","其他应付款","0","2026-09","CNY","元","虚构期末独立清单302贷"