"主体ID","主体名称","母主体ID","纳入范围","政策一致","期间","币种","单位","范围依据"
"G","虚构示范集团","","是","是","2026-09","CNY","元","虚构已批准控制范围G-09"
"E1","虚构主体1","G","是","是","2026-09","CNY","元","虚构已批准控制范围G-09"
"E2","虚构主体2","G","是","是","2026-09","CNY","元","虚构已批准控制范围G-09"
"E3","虚构主体3","G","是","是","2026-09","CNY","元","虚构已批准控制范围G-09"
"E4","虚构主体4","G","是","是","2026-09","CNY","元","虚构已批准控制范围G-09"
"E5","虚构主体5","G","是","是","2026-09","CNY","元","虚构已批准控制范围G-09"
"E6","虚构主体6","G","是","是","2026-09","CNY","元","虚构已批准控制范围G-09"
"E7","虚构主体7","G","是","是","2026-09","CNY","元","虚构已批准控制范围G-09"
"E8","虚构主体8","G","是","是","2026-09","CNY","元","虚构已批准控制范围G-09"
"E9","虚构主体9","G","是","是","2026-09","CNY","元","虚构已批准控制范围G-09"
"E10","虚构主体10","G","是","是","2026-09","CNY","元","虚构已批准控制范围G-09"
"E11","虚构主体11","G","是","是","2026-09","CNY","元","虚构已批准控制范围G-09"
"E12","虚构主体12","G","是","是","2026-09","CNY","元","虚构已批准控制范围G-09"
"E13","虚构主体13","G","是","是","2026-09","CNY","元","虚构已批准控制范围G-09"
"E14","虚构主体14","G","是","是","2026-09","CNY","元","虚构已批准控制范围G-09"
"E15","虚构主体15","G","是","是","2026-09","CNY","元","虚构已批准控制范围G-09"
"E16","虚构主体16","G","是","是","2026-09","CNY","元","虚构已批准控制范围G-09"
"E17","虚构主体17","G","是","是","2026-09","CNY","元","虚构已批准控制范围G-09"
"E18","虚构主体18","G","是","是","2026-09","CNY","元","虚构已批准控制范围G-09"
"E19","虚构主体19","G","是","是","2026-09","CNY","元","虚构已批准控制范围G-09"
"E20","虚构主体20","G","是","是","2026-09","CNY","元","虚构已批准控制范围G-09"
"E21","虚构主体21","G","是","是","2026-09","CNY","元","虚构已批准控制范围G-09"
"E22","虚构主体22","G","是","是","2026-09","CNY","元","虚构已批准控制范围G-09"
"E23","虚构主体23","G","是","是","2026-09","CNY","元","虚构已批准控制范围G-09"
"E24","虚构主体24","G","是","是","2026-09","CNY","元","虚构已批准控制范围G-09"
"E25","虚构主体25","G","是","是","2026-09","CNY","元","虚构已批准控制范围G-09"
"E26","虚构主体26","G","是","是","2026-09","CNY","元","虚构已批准控制范围G-09"