"主体ID","对方原编码","对方主体ID","依据"
"E1","虚构别名E2","E2","虚构双方客商确认1"
"E2","虚构别名E1","E1","虚构双方客商确认2"
"E3","虚构别名E4","E4","虚构双方客商确认3"
"E4","虚构别名E3","E3","虚构双方客商确认4"
"E5","虚构别名E6","E6","虚构双方客商确认5"
"E6","虚构别名E5","E5","虚构双方客商确认6"
"E7","虚构别名E8","E8","虚构双方客商确认7"
"E8","虚构别名E7","E7","虚构双方客商确认8"
"E9","虚构别名E10","E10","虚构双方客商确认9"
"E10","虚构别名E9","E9","虚构双方客商确认10"
"E11","虚构别名E12","E12","虚构双方客商确认11"
"E12","虚构别名E11","E11","虚构双方客商确认12"
"E13","虚构别名E14","E14","虚构双方客商确认13"
"E14","虚构别名E13","E13","虚构双方客商确认14"
"E15","虚构别名E16","E16","虚构双方客商确认15"
"E16","虚构别名E15","E15","虚构双方客商确认16"
"E17","虚构别名E18","E18","虚构双方客商确认17"
"E18","虚构别名E17","E17","虚构双方客商确认18"
"E19","虚构别名E20","E20","虚构双方客商确认19"
"E20","虚构别名E19","E19","虚构双方客商确认20"
"E21","虚构别名E22","E22","虚构双方客商确认21"
"E22","虚构别名E21","E21","虚构双方客商确认22"
"E23","虚构别名E24","E24","虚构双方客商确认23"
"E24","虚构别名E23","E23","虚构双方客商确认24"
"E25","虚构别名E26","E26","虚构双方客商确认25"
"E26","虚构别名E25","E25","虚构双方客商确认26"